word,count
問題,28
意味,25
PC,24
Emacs,24
アホ,22
酒,19
電車,19
英語,18
プログラム,18
Ruby,17
勝手,17
録画,17
流石,17
コード,17
メール,16
無駄,16
本,16
ruby,16
梅田,16
文章,15
家,15
大学,15
手,15
掃除,15
ダメ,15
レポート,15
コーヒー,14
論文,14
普通,14
スラッシュドット,14
変,14
馬鹿,13
課題,13
HDD,13
プログラミング,13
Processing,13
Debian,13
本気,13
理解,12
必要,12
電源,12
キーボード,12
NBA,12
糞,12
テレビ,11
バスケ,11
東京,11
割,11
NHK,11
次,11
ケース,11
勉強,11
タイミング,11
無理,11
TeX,11
ウイスキー,10
簡単,10
hiki,10
HHKB,10
楽,10
バス,10
本屋,10
ダウンロード,10
世界,9
気分,9
研究室,9
アプリ,9
設定,9
サウスパーク,9
マウス,9
新幹線,9
ゲーム,9
会話,9
いっか,9
仕事,9
CM,9
雨,9
急,9
Java,9
Mac,9
データ,9
マジ,9
他人,9
ネタ,9
嫌,9
授業,9
ワロタ,9
調子,9
音楽,9
写真,8
感じ,8
実装,8
スマフォ,8
ゼミ,8
日本,8
他,8
ツイート,8
渋谷,8
起動,8
予定,8
docomo,8
満足,8
顔,8
値段,8
tex,8
ディスプレイ,8
理由,8
Linux,8
嘘,8
便利,8
用意,8
意識,7
試験,7
Google,7
卒業,7
python,7
ボタン,7
名前,7
Windows,7
指摘,7
情報,7
喉,7
心配,7
重要,7
お腹,7
生協,7
作業,7
外,7
大丈夫,7
地元,7
使い方,7
音,7
飯,7
プログラマ,7
インストール,7
ソースコード,7
風呂,7
コンビニ,7
説明,7
期待,7
ログイン,7
夏休み,6
Python,6
頭痛,6
楽しみ,6
Gmail,6
山,6
OS,6
仕方,6
息抜き,6
画面,6
間,6
好き,6
内容,6
友人,6
綺麗,6
糞コード,6
Google+,6
SSD,6
配列,6
金,6
ネット,6
Windows8,6
電話,6
検索,6
曲,6
テスト,6
大阪,6
謎,6
発表,6
!?,6
mixi,6
ソニー,6
アホみたい,6
先生,6
罠,6
机,6
人工知能,6
女の子,6
ページ,6
地獄,6
件,6
Android,5
休憩,5
放置,5
今更,5
爪,5
記事,5
emacs,5
au,5
デバッグ,5
モニタ,5
コイツ,5
バッテリー,5
かん,5
大変,5
環境,5
ヤツ,5
GoogleReader,5
糞ワロタ,5
イヤホン,5
目的,5
最初,5
方法,5
ゲット,5
夏,5
反応,5
変換,5
ライブラリ,5
阪急,5
人間,5
携帯,5
ぇー,5
CD,5
停電,5
TA,5
表現,5
腹,5
目薬,5
明らか,5
コマンド,5
光,5
利用,5
発見,5
快適,5
余裕,5
GW,5
キツイ,5
ボールペン,5
小指,5
git,5
スピーカー,5
興味,5
色,5
気持ち,5
ピスタチオ,5
ジュンク堂,5
情報学部,5
財布,5
海,5
マクド,4
院棟,4
単語,4
端末,4
シャープ,4
冷蔵庫,4
すきー,4
C言語,4
開催,4
大人,4
番組,4
テキスト,4
github,4
高速,4
USB3.0,4
横,4
資料,4
一緒,4
判断,4
帰り,4
病気,4
デスクトップ,4
和民,4
安心,4
最後,4
アップデート,4
ノートPC,4
ょー,4
横浜,4
声,4
クリック,4
開発者,4
MBA,4
チーム,4
傘,4
Xcode,4
嫌い,4
skype,4
facebook,4
紙,4
字,4
ビール,4
iPhone,4
先,4
模様替え,4
リファクタリング,4
エラー,4
機会,4
日本語,4
無線LAN,4
使用,4
エディタ,4
ポインタ,4
絶望,4
Arduino,4
暇,4
ドコモ,4
準備,4
USBメモリ,4
箱,4
整理,4
当たり前,4
場所,4
kinect,4
ヤバい,4
動き,4
ハッカー,4
ヤバイ,4
予感,4
味,4
本当,4
糞みたい,4
カレー,4
発言,4
画像,4
xperia,4
日本酒,4
ブラックサンダー,4
友達,4
ペン,4
ブラウザ,4
サル,4
放送,4
amazon,4
サーバー,4
ガラケー,4
口,4
概念,4
ITホワイトボックス,4
ボトルネック,4
時代,4
アルゴリズム,4
成績,4
お知らせ,4
肉,4
買い物,4
やる気,4
wifi,4
MacBookAir,4
ベランダ,4
存在,4
特定,4
カラオケ,4
完成,4
実習,4
RT,4
webページ,4
コメント,4
数字,4
debian,4
コマンドライン,3
引き,3
阪大,3
中身,3
インタフェース,3
JAXA,3
認識,3
髪,3
ぼけ,3
Facebook,3
量,3
アレ,3
Javascript,3
有効,3
VirtualBox,3
スクリプト,3
アカウント,3
アイコン,3
英語力,3
素敵,3
プレイ,3
ホント,3
つり革広告,3
形,3
ビッグデータ,3
ろう?,3
中途半端,3
趣味,3
(',3
Bulls,3
無茶,3
中間発表,3
秋学期,3
Word,3
タッチパネル,3
普及,3
黒子,3
驚き,3
遊び,3
アルバム,3
インテル,3
元,3
システム,3
講義,3
選挙,3
公開,3
集中力,3
うそ,3
容量,3
赤,3
ミサワ,3
店,3
terminal,3
iPad,3
体調,3
登山,3
言葉,3
地雷,3
違和感,3
世の中,3
JavaScript,3
片っ端,3
携帯電話,3
楽チン,3
部分,3
自作,3
プリンタ,3
天気,3
思い出,3
鼻,3
状況,3
Nexus7,3
精神,3
言い訳,3
ロッカー,3
arduino,3
いや,3
コンパイル,3
キーバインド,3
導入,3
タイトル,3
後輩,3
耳,3
ドア,3
可能性,3
キモい,3
告白,3
キモ,3
時計,3
ビールうめー,3
仕組み,3
見た目,3
GUI,3
マック,3
SA,3
春,3
ファイル,3
報道,3
おっさん,3
暗号,3
メモ帳,3
変数,3
生活,3
ワイン,3
グラフ,3
ジャックダニエル,3
選択肢,3
youtube,3
Git,3
咳,3
首,3
テロ,3
復帰,3
/(^,3
答え,3
linux,3
あん,3
Microsoft,3
UI,3
お客様,3
リーダブルコード,3
発音,3
チャレンジ,3
隣,3
R棟,3
後悔,3
若者,3
ドイツ語,3
鍋,3
角瓶,3
reference,3
早め,3
窓,3
カオス,3
コービー,3
ポイント,3
行動,3
短大,3
wheezy,3
無駄遣い,3
数,3
国,3
お話,3
必死,3
進化,3
てん,3
鞄,3
勘違い,3
スーパー,3
アマゾン,3
ポチ,3
エルピーダ,3
デュアルディスプレイ,3
ヨドバシ,3
ぃすきー,3
関数名,3
時点,3
ノマド,3
女,3
覚え,3
意味不明,3
if文,3
ポケモン,3
秀,3
人生,3
三ツ矢サイダー,3
C++,3
高度,3
フリーズ,3
把握,3
基礎(,3
マシ,3
基本的,3
表示,3
クロノトリガー,3
サスペンド,3
広告,3
シーズン,3
考え事,3
詐欺,3
おなか,3
余計,3
名言集,3
ターミナル,3
laptop,3
感動,3
英語論文,3
MacBookPro,3
日本通信,3
無料,3
実況,3
題,3
勝つる,3
動画,3
ssh,3
代わり,3
リビング,3
負け,3
自転車,3
ラーメン,3
!」,3
実機,3
感,3
iPodtouch,3
バス停,3
傷口,3
勝負,3
冷静,3
風呂入ろう,3
Xperiaarc,3
まじ,3
周り,3
帰宅,3
噂,3
成果,3
たより,3
GNOME,3
カート,3
MLDC,3
GNOME3,3
京都,3
録画予約,3
CDTV,3
学部,3
ソフト,3
返信,3
不思議,3
決定,3
証拠,2
事務,2
ハルちゃん,2
キャリア,2
電子書籍,2
解雇,2
上,2
フィンランド,2
Googleリーダー,2
それなり,2
LT,2
Retina,2
ゼミ室,2
見出し,2
C/C++,2
テキストマイニング,2
グルーポン,2
スマホ,2
事前,2
胃,2
学校,2
PS2,2
通学,2
山の上,2
放射能,2
ゼミ展,2
PSP,2
失敗,2
テキストデータ,2
どん,2
ヤバ,2
取得,2
別,2
無視,2
えい,2
ググ,2
製品,2
コントローラ,2
ダルマ,2
爆発,2
浪費,2
高校生,2
料金,2
影,2
空気,2
爆睡,2
バックアップ,2
tweetボタン,2
限界,2
ハッカソン,2
サーバ,2
大事,2
バランス,2
イカン,2
SPモード,2
Tron:Legacy,2
今期,2
bmobile,2
消費量,2
気力,2
空,2
発売,2
SVM,2
ezw,2
フォント,2
タオル,2
モンスター,2
ムック,2
品川,2
JAVA,2
通信,2
ノート,2
tmux,2
比較,2
標的,2
お願い,2
RSS,2
忍耐,2
クイズ,2
URI,2
日,2
ミニバッファ,2
ミュウツー,2
学習,2
想定,2
半袖,2
荷物,2
映画館,2
パターン,2
富山,2
元気,2
クール,2
javascript,2
ライフゲーム,2
馬鹿みたい,2
液晶ディスプレイ,2
OP,2
不安,2
土日,2
ドラマ,2
つけ麺,2
CPU,2
hogehoge,2
客観的,2
希望,2
フィード登録,2
ーーーー,2
うめぇ,2
HTML,2
ubuntu,2
モテ,2
モノ,2
香味,2
デザイン,2
o^)/,2
反省,2
o^)\,2
女子力UP,2
運勢,2
いくら,2
力,2
プログラマー,2
宗教,2
センサー,2
風,2
操作,2
刺身,2
店員,2
ドヤ顔,2
android,2
三菱電機,2
web,2
版,2
新譜,2
曲名,2
テレビ的,2
Emacs布教,2
virtualbox,2
項目,2
花火,2
ゅー,2
Amazon,2
爆笑,2
消化,2
素人,2
カス,2
水,2
旅,2
音声操作,2
罪悪感,2
具体的,2
リフィル,2
壁紙,2
昼飯,2
社会人,2
allinfordroseNo.1,2
発狂,2
駅前,2
緑,2
steam,2
土地勘,2
つれー,2
Androidマーケット,2
顔認識,2
気分転換,2
訳,2
時間割,2
メンバー,2
post,2
文字,2
徹夜,2
少年,2
トキ,2
market,2
キター,2
coffee++;,2
amateras,2
firefoxos,2
ハードウェア,2
夢,2
確実,2
最強,2
阪急電車,2
敵,2
花,2
ベッド,2
いし,2
断層,2
達人プログラマー,2
スマート,2
ドイツ人,2
電気,2
基礎,2
LDA,2
電波,2
機械,2
ファイル整理,2
クセ,2
EPS,2
bitmap,2
キレ,2
メド,2
exciting,2
メガネ,2
大学院棟,2
文句,2
ライフハック,2
-&,2
披露,2
自室,2
効率的,2
オススメ,2
kugelschreiber,2
プラン,2
Valve,2
ストリーム,2
Javaswing,2
ブルーライト,2
専門用語,2
好み,2
キーワード,2
$(',2
絵,2
ケータイ,2
集中,2
スコープ,2
SandyBridge,2
修正,2
スコール,2
山口,2
モデル,2
糞ワロタw,2
紹介,2
タグ,2
相当性理論,2
Androidアプリ,2
不純,2
スパゲッティ,2
出力,2
順番,2
新大阪,2
文字コード,2
大きめ,2
gnome,2
Haswell,2
給料,2
兄,2
宝塚線,2
ケースファン,2
Thunderbolt,2
TL,2
目撃,2
レビュー,2
X121e,2
テクノ,2
片,2
エンジニア,2
出張費,2
クラウド,2
自力,2
オーディオ,2
webサービス,2
ビックカメラ,2
警告音,2
アイツ,2
トランクス,2
雪,2
用事,2
カメラ,2
非常,2
感覚,2
取材,2
オンキヨー,2
/.,2
BS,2
デニス,2
デカ,2
大学院,2
デル,2
home,2
bjリーグ,2
あめ,2
創造的破壊,2
ご飯,2
ロゴ,2
サンキュー,2
演説,2
感謝,2
root,2
未来,2
auto-complete,2
スーツ,2
確か,2
レジュメ,2
レベル,2
パス,2
無事,2
略,2
単位,2
キャンパス,2
わり,2
追加,2
前回,2
機能,2
判断ミス,2
格好,2
CapsLock,2
迷惑,2
英文,2
時,2
make,2
水割り,2
威力,2
歴史,2
交通費,2
チェック,2
Ubuntu,2
録画中,2
神奈川,2
焼肉,2
メールアドレス,2
体験,2
同級生,2
形態素解析,2
温度,2
バイト,2
まとめ,2
バイク,2
mac,2
電気ケトル,2
オブジェクト指向,2
スクロール,2
残念,2
購入,2
手段,2
キャンパス内,2
図書券,2
拡張,2
弾幕ゲー,2
HAI,2
価格,2
京,2
道,2
分割,2
セミコロン,2
洗濯,2
笑),2
蒲焼,2
新宿,2
ダウン,2
六本木ヒルズ,2
送信ボタン,2
サーベイ,2
片方,2
dropbox,2
ーーーーーー,2
SIM,2
メニュー,2
ジョーダン氏,2
LAN経由,2
twittering-mode,2
css,2
A`)プログラマ,2
Lisp,2
\(^,2
理系,2
インク,2
二次会,2
NASA,2
RPG,2
まとも,2
ホテル,2
虹,2
ハブ,2
相手,2
ぇよ,2
コンパイルエラー,2
発表資料,2
収集,2
生贄,2
笑顔,2
Github勉強会,2
メイン機,2
タブレット端末,2
戦い,2
ビルド,2
千里山,2
iPhoneアプリ,2
充電器,2
販売,2
損,2
台場,2
優先度,2
受信,2
熱,2
elisp,2
private,2
寒すぎ,2
休み,2
速報,2
消費,2
表紙,2
サンキュークリリン,2
現状,2
節,2
YaTeX,2
発表練習,2
シェルスクリプト,2
コンタクト,2
援助,2
日本橋,2
遠隔操作ウイルス,2
UNIX,2
プレゼン,2
メモリ,2
食料,2
IvyBridge,2
開始,2
インフォメーションシステム,2
調理,2
Excel,2
負荷,2
バカ,2
ダンベル,2
練習,2
速度,2
計算,2
オライリー,2
学費,2
イコール,2
Reference,2
自販機,2
黄色,2
任天堂,2
アメリカ,2
封筒,2
ゴミ,2
終了,2
皮肉,2
すてき,2
アップデート完了,2
ただ,2
切符,2
さだー,2
ひと,2
確認,2
休講,2
プラネテス,2
方向,2
リモートセンシング,2
買収,2
奨学金,2
バージョン,2
タイムリー,2
添削,2
下山,2
血,2
星,2
ソフマップ,2
難波,2
爆音,2
VPS,2
難民,2
勧誘,2
電脳コイル,2
探偵ナイトスクープ,2
PDF,2
鳥,2
高槻,2
pro,2
PC組みたい,2
社名,2
黒魔術,2
欠陥品,2
改ページ,2
マジ勘弁,2
LandofLisp,2
身,2
半田,2
エミュレータ,2
スペイン,2
あんしん,2
評価,2
曜日感覚,2
滋賀,2
構築,2
SATAケーブル,2
チューハイ,2
fav,2
lisp,2
単純,2
サイエンスZERO,2
通話料金,2
筋トレ,2
寿司,2
タブレット,2
角,2
ベンガルトラ,2
ボールハンドリング,2
試合終了,2
GTO,2
リッチー氏,2
笛,2
現実,2
天気予報,2
イカ,2
ツッコミ,2
配慮,2
記録,2
p^,2
GalaxyNexus,2
タッチ,2
勘弁,2
振る舞い,2
季節,2
プロジェクト,2
アラビア数字,2
合計金額,2
Air,2
ワッフル,2
NFCタグ,2
x121e,2
下,2
ハワード,2
ーーー,2
HHK,2
行為,2
ニュース,2
ファイルサーバ,2
タイムテーブル,2
分析,2
apt,2
注文,2
真面目,2
間違い,2
無意味,2
この世,2
Hello,World,2
酔っぱらい,2
解決,2
扇風機,2
画像情報処理,2
インク残量,2
GW中,2
データ構造,2
設定ファイル,2
おすすめ,2
強烈,2
WiMAX,2
テンション,2
編入,2
yasnippet,2
カオス理論,2
案内,2
立ち読み,2
図書カード,2
半角全角,2
パーティション,2
ローソン,2
バス停列,1
明確,1
ファミマ,1
動作音,1
いらいら,1
河,1
ぬいぐるみ,1
ゼミ旅行一日目終了,1
フロントファン,1
ハングアウト,1
ゴミ屑,1
アイシン,1
onTwitpichttp://t.co/yKXFNJGE,1
方法-UEI/ARCshi3z,1
サーバー女子,1
存在感,1
態度,1
アンケート,1
L4D2,1
番号ポータビリティ,1
魅力的,1
サンダーボルト,1
タイムライン,1
シール,1
方々,1
自己紹介,1
CMワロタ,1
真剣,1
鹿,1
サンダルみたい,1
インタラクティヴ技術,1
レビューどっか,1
覚悟2015年度1兆3000億円,1
miniP280,1
?【連載:匠たち,1
メーカ,1
宅配便,1
搭載スマートフォン,1
ブログ,1
オランジーナハイボール,1
単純化,1
シミュレーション,1
名状,1
T-T),1
期末試験,1
ニコ動,1
tweet収集プログラム,1
スティーブン・シノフスキー氏インタビュー:開発責任者,1
マジ吊り革,1
コナン,1
titanium,1
LA,1
Itispossiblehogehoge,1
牛地蔵いつ,1
まとめ|ぱろすけのメモ帳http://t.co/y2h2rJKJ,1
あたりまえ,1
対象みたい,1
ゴミカスレポート,1
図書館,1
ーhttp://t.co/6kEakpld,1
賞,1
複数登壇者,1
Ijustreadthis#NBAarticlehttp://t.co/am9YDeoi5Z,1
蒸気機関車,1
悪役,1
ProcessingforAndroidhttp://bit.ly/f2Xi8L,1
いかが,1
確率,1
動作確認,1
?“統計,1
プロトコル,1
噴水,1
凡ミス過ぎ,1
プリインストールアプリ,1
弁当,1
色空間,1
相互フォロー,1
報道:日本経済新聞http://t.co/FcgCecwC,1
Skype-SkypeforLinuxblog-Skype4.0forLinuxhttp://t.co/eLXsYZFZ,1
rm,1
SandyBridge環境,1
リフレクタ(210円(ー`дー,1
EMERGINGTECHNOLOGIES,1
いかん,1
Treemap,1
Let'sgohome...KobeBryantlikelyout6-9monthshttp://t.co/CGmDiZ1pwY,1
ゼミ内サーバーエンジニア,1
科目名,1
ゴミカス,1
冬将軍本気出しすぎ,1
Report:Iverson,38,settoofficiallyretirehttp://t.co/skM1veXSdo,1
プログラミング言語,1
ネタ画像集集,1
生肉ユッケ,1
申請http://bit.ly/h4B9fJ,1
対応言語:日本語(関西弁,1
データ視覚化http://ibm.co/fkd5M7,1
チャット状態,1
アスパラ,1
なごやー,1
ハンター,1
Oracle,1
マニアhttp://t.co/4PeohTaz,1
茄子,1
gcc,make,emacs,1
ぷろきしぃぃぃぃぃぃっっぃぃぃぃ!,1
日記http://t.co/gMvBHDca,1
殻付きピスタチオ,1
Chicago,1
パッケージ名,1
優先順位,1
拡張性,1
マクド閉店,1
滞在時間30分,1
ベクトル,1
進行,1
食パン,1
カードゲーム?,1
HelloJavaWorld.,1
動的計画法,1
アイデア,1
returnx*x;,1
キレ気味,1
柔道家,1
無線LAN環境,1
申し訳,1
ベネズエラ,1
収録済み#ldnewshttp://t.co/SlTRqbn,1
お知らせ|NTTドコモhttp://t.co/1rwYPaHKv1,1
秘密,1
画面遷移,1
混乱,1
コンテスト用,1
twitterアプリ,1
ぁぁぁあぁぁぁぁぁあぁぁぁぁあぁああああああああああ,1
平和堂,1
義援金,1
勇気,1
ダラス,1
Kinect,1
英単語テスト,1
物置,1
PS3,1
softwareRAID,1
全貌:ITprohttp://t.co/htqXmeB8#itprojp,1
irb,1
SPモードメール,1
コーヒー3杯,1
HDD2台,1
腕試しタイピング,1
背景,1
フル単,1
chrome,1
iOSアプリ開発ソリューション,1
管理団体,1
oauth認証,1
O'ReillyJapan-リーダブルコードhttp://t.co/BW6dxzh0,1
プログラマー過労自殺,1
天使,1
イケメン,1
年越し,1
OtsukainOtsuka.,1
JustforFun,1
ヤダ,1
TDD,1
規定,1
常駐,1
バッファ,1
察し,1
いす,1
ExploratorySearch,1
微分,1
健康的,1
コンタクト取り,1
フリーすぎん,1
塩分過多,1
ドコモ田家登場-ITmediaMobilehttp://t.co/WI3jnHBX,1
手羽先,1
訃報:C言語,1
有機EL,1
Petition|GoogleInc:PleasedonotshutdownGoogleReader|http://t.co/92odx8g1OVhttps://t.co/EAsjFl6Bai,1
鈍感,1
早わかりGoFデザインパターン-矢沢久雄,1
メニュー制覇,1
lightyellow,1
気温差,1
アルファベット,1
模範解答マダー?,1
ツール,1
インデント,1
翼,1
ポリゴン,1
空間手,1
売り上げ,1
無言,1
買い,1
ドラゴンクエスト1~8,1
愉快,1
データ視覚化:,1
ーhttp://t.co/CB4V25Yf,1
発車5分,1
ヴぁい,1
ユーロ安,1
Emacs本,1
贅沢,1
表参道フォークウヱル別館http://t.co/FRkgnDMz,1
言の葉,1
コンボゲー,1
解約後,1
whttp://t.co/vBZzFJkq,1
インストールディスク,1
一つ目,1
新型iPodnano,1
こいつマジ,1
分類,1
覚悟,1
マッカーシー逝去(84歳)«TechCrunchJapanhttp://t.co/Bw3DTByA,1
深海,1
読書猿Classic:between/beyondreadershttp://t.co/QuVAiUtIOM,1
スワップ,1
だめ!,1
バズワード,1
basedon,1
シャック,1
合法的,1
解釈,1
縦,1
free(exam);,1
Windows上,1
叩き,1
履修登録システム,1
android初期化,1
SAvsOKC,1
要約,1
失望,1
iモードメール,1
復旧,1
要素,1
恵み,1
ガム,1
パワー,1
警察,1
学部一年生,1
さかなクン,1
khn,1
習慣,1
ワロタ>ぎりぎり,1
アテ,1
麒麟,1
カーメロ3P10/12,1
土産,1
ワトキンス,1
裏話http://t.co/qd7ZF5LC,1
仲間,1
日本語配列,1
テストプログラム,1
有名,1
激増,1
年内,1
遭難,1
笛鳴りすぎ,1
通報,1
Desktop,1
::,1
感謝際,1
学業,1
脳みそ,1
怪文書vonwawa.,1
素材,1
きん,1
外出,1
VisualizingData5章,1
前髪,1
さくら,1
負荷テスト,1
random.shuffle(list),1
巨大生物,1
htmlゴニョゴニョ,1
壮大,1
炭酸飲料,1
ぼろかす,1
講演,1
M-,1
ムズい,1
正規表現ミ,1
十戒,1
アプリコンテスト,1
マジ無理,1
補完,1
MacBookAir学生割引,1
タブ,1
Hahaha....,1
do{}while{},1
中身みたい,1
あと15分,1
ELUGAPTV-CM-YouTube-http://t.co/EHBq6pqgWH,1
alsamixer,1
example,1
MP,1
野生,1
PCWatch,1
履修,1
芸能人,1
GoogleLatitude,1
こーびー,1
被害総額470万円,1
結論,1
フォロー,1
userscan...,1
ジャパンデベロッパーhttp://t.co/1xIIS7ew,1
システム名,1
広告実習用,1
ジャーナリズムhttp://t.co/zGDPyzpl,1
«デジタルマガジンhttp://t.co/8JiNqtV,1
だし,1
ヒューマノイド,1
ファンタオレンジみたい,1
enchantMOON,1
ルンバ,1
指,1
b-mobile,1
数式«WIRED.jphttp://t.co/eqGyBwhwU2,1
低音,1
標準,1
設定自体,1
だめ,1
マグナムトルネード,1
らいおんちゃん,1
TorvaldsTakesIssueWithDeIcaza'sLinuxDesktopClaims-Slashdothttp://t.co/lbVYgO06,1
自分たち,1
千葉県,1
プロバイダ,1
ジャパンhttp://t.co/t9aMINwM,1
保田wwww,1
野球,1
謎い,1
sl,1
もんどう,1
ゲーム何本,1
メソッド,1
フーリエ変換アルゴリズム|スラッシュドット,1
素数,1
通学路,1
投票用紙逆,1
スタバ,1
同期,1
memo:ブラックサンダー大人買い,1
技術者,1
逆さま,1
異常,1
暖房,1
移動中,1
prefixkey,1
素性ベクトル,1
include&lt;stdio.h&gt;intmain(intargc,char*argv[]){char*str=",1
JQuery,1
スマッシング・パンプキンズ,1
TeXインストール謎,1
詳細,1
世界-人工知能,1
歩み:年表|マジック:ザ・ギャザリング20周年記念スペシャルサイトウィザーズ・オブ・ザ・コースト社日本語公式http://t.co/3lzppKeV5d,1
インフラ,1
指針",1
ボディバランス,1
hibernate,1
Tonight,Tonight,1
掃除終了,1
otknoy/mldc_python·GitHubhttps://t.co/7o5zsKCuyS,1
allstar,1
エンジニアtype(1/2)http://t.co/Xrmv9I66,1
タイピング精度,1
飯画像,1
BlackBerry,1
基礎-ドットインストール#dotinstallhttp://t.co/TRHxJmmy,1
NolightforIntel'sinitialLightPeaktechhttp://bit.ly/g5PEYa,1
ぎてうぼあぁってなるけど,1
リングノート,1
放送事故,1
路上車,1
対策,1
iPadmini,1
デイリーヤマザキ跡地,1
基本ソフトウェア,1
逝去http://t.co/7Qgi3hlb,1
自動バックアップ,1
シャッフル,1
事後処理,1
バッテリー残量,1
リスト,1
弘法,1
バーゲンセール,1
英語死亡,1
take,1
エクステ,1
マイクロン,1
むちゃくちゃ,1
指定|携帯電話,1
スペシャルゲスト,1
補導京都府警-毎日jp(毎日新聞)http://t.co/YTLlbvfT,1
アニメ,1
リアクション,1
ディレクトリ,1
こいつ頭,1
ダイジェストニュース,1
線形探索,1
送料高そう,1
フリーフォマット,1
快挙(謎,1
同姓同名,1
新着図書,1
GNOMEshell,1
全貌-スパコン世界一,1
嫌がらせ,1
科学,1
扇風機最強,1
文化庁メディア芸術祭優秀賞受賞,1
かんぺきかぜひいた,1
ニュース-Microsoft,1
クリポうめぇ,1
Alt+Tab,1
rubyimageDownloader.rb[http://,1
推薦書|ActasProfessional-hiroki.jpbyHIROCASTERhttp://t.co/g9Ntupcq,1
粗大ゴミ,1
日本経済新聞http://t.co/Vbb3JcQX,1
件-愛,1
CEDEC2013]人間,1
臭い,1
ラップトップ,1
自主的,1
screen,1
クラッカー,1
文通,1
ショボ,1
平均,1
Cacoo-プログラム,1
竹内郁雄,1
フリースロー大会,1
カガクニュース隊:腕脚統合型6本肢ロボット「*」http://t.co/yosFEA2C,1
Scriptular,1
Editage,1
ぉぉぉぉぉぉぉぉぉぉx,1
アリエッティ今,1
見分け,1
ーーーーーー!。,1
物理学者,1
truetears,1
自宅サーバ,1
廃棄,1
第一人者,1
実行,1
負債,1
gt;&gt;今年,1
連理工大,1
さいきょうのふぃー,1
動機,1
自己テスト,1
ネット生活,1
InstantUpload,1
HowToBecomeAHacker:Japanesehttp://t.co/AbzmcF7d,1
NBA選手フォロー,1
実行#gihyojphttp://t.co/m0kzo4FX,1
HTCOne,1
VERTU事業,1
MellonCollieandtheInfiniteSadness,1
JPEG,1
BA型ヘッドホン,1
大作,1
米アップル,1
歓迎,1
stablerelease,1
微妙,1
終了|スラッシュドット,1
特殊メイクみたい,1
facebookTシャツ,1
欄,1
ディフェンス,1
協定締結,1
口内戦争,1
ジャパンidlehttp://t.co/qJdEPHEW,1
定年,1
(;,1
Perfume,1
かわりサービス,1
Unix/Linux,1
ICチップ,1
オンラインhttp://t.co/SsVFPaOf,1
intel,1
。>将来,1
ガチャ,1
良書,1
テリー大量発生,1
coolhttp://bit.ly/gR2iNz,1
ハードル,1
プリインストールマシン,1
米携帯電話3位,1
ぇーw,1
ノミネート,1
Emacs男子,1
石破さん,1
カルボナーラうめぇ,1
ニート?,1
プラズマクラスター,1
モー娘。,1
;&,1
TeXLive,1
TieSuspensionToHarden,1
廃止,1
欠陥,1
HGST死亡日立,1
工具箱:,1
パカパカ,1
初期設定中,1
ランキング,1
暗号化アルゴリズム,1
びつきぃ!DirkNowitzkiscores25,000thpointhttp://t.co/FtdLjfIgU9,1
ASRockさんマジ,1
グラム数,1
DRAM,1
矢沢久雄,1
大分印象,1
英語名,1
GIGAZINE"http://t.co/FAY6jSTULy,1
タモリ,1
怒り",1
復活,1
一文,1
Tシャツ,1
桜木町,1
限界)-主,1
動画:「ASUS,1
延長コード断線,1
静音スパイラル,1
R631,1
ーXPさん,1
Salamander,1
hiki-mode,1
機械学習,1
ナイフ殺人未遂容疑,1
vocabulary,1
しょうが,1
津波,1
技術,1
電子機器,1
国内価格,1
ベジェ曲線-Rui'sBloghttp://t.co/X4xOmedT,1
AMD...,1
経験等,1
納期,1
命,1
タンジブルAngryBirds(動画)--EngadgetJapanesehttp://t.co/3ayGQxTr,1
物理,1
文法,1
ぱぱぱぱん,1
PhonetoGoogleChrome,1
Otsukavs割れ目,1
ぱらb,1
Cygwin,1
書類交付,1
laptop最強,1
指導,1
義務,1
MicrosoftCEOSaysKinectToSupportPCsEventuallyhttp://bit.ly/g6FDwm,1
hahaha...,1
特定多数,1
Webアプリ一個,1
vaiotypez,1
読点,1
アップルH,1
リスニング,1
BB係数,1
Yuta.Kikuchi,1
増加,1
日記http://t.co/0Jg4dsuM,1
人向け,1
iなんたら,1
コン物一通り,1
ココナッツサブレうめぇ,1
Emacs検定http://t.co/AshYe3Gn,1
ぁぁぁっぁぁあぁあ,1
ノイズ,1
RailsHub情報局:,1
チップセット,1
net/smtp-Rubyリファレンスマニュアルhttp://t.co/9i1kMMkD,1
邪魔そう,1
ユーティリティGrandPerspective-プログラマ,1
出口調査,1
女子力,1
判決,1
SonyXperiaVLTE-LT25i(SIMフリー,White)キャンペーン&amp;スペシャルオファー-EXPANSYS日本http://t.co/CrWzLA0ci0,1
ザンギエフ,1
ギークライフ|【Tech総研,1
生活実態調査報告書[2012年]-Benesse教育研究開発センターhttp://t.co/UEb18QAeW7,1
正体,1
優秀,1
寸法,1
ウイスキーうめー,1
春休み,1
BIG3,1
詳細http://t.co/LVU0No5N,1
宮本茂氏,1
露呈,1
辞書用意,1
git-英語コミットコメント,1
xxxさん,1
ワンパス,1
箕面38閉店,1
立食カレーパーティー,1
クリスポール,1
Mine'sBlogバイナリ,1
配属,1
速達,1
奈良漬け,1
アンロック版,1
コイル,1
幅優先探索,1
大卒,1
Corei3,1
サブネットマスク,1
WEB業界ろ,1
atan2,1
ブルーレイレコーダー,1
Emacsinterminal生活再開,1
出番,1
switch文,1
開催http://t.co/QQMDLzP,1
VuzixWrap1200AR発売,1
Timeisrunningout...,1
bypass,1
接続,1
通学時間,1
URL,1
単語むずいー,1
ネット環境,1
応用数学幾何,1
日帰り,1
扱い,1
ジミー,1
子供,1
開催予定|スラッシュドット,1
蟹,1
インストール簡単,1
モバゲー,1
収入,1
crontab,1
ワロタhttp://bit.ly/c6tubs,1
サーボモータ,1
LANケーブルうめぇ,1
決め方,1
リテールクーラー,1
IT,1
音声通話+Xiデータ通信対応,1
proxy,1
ライフ*ァック,1
ブログ~http://bit.ly/e0joE3,1
ブルー,1
総合情報学部講演会(12月14日)「センサーネットワーク,1
試験勉強,1
ぎてわけがわからんやんけ,1
燃料,1
隙,1
暖房器具,1
遠隔地,1
A*」,1
帯域制限実施,1
殻,1
ー・・・,1
コピペ,1
Librarymanager,1
大凶,1
ブルズ,1
プレゼンテーション作成ソフト,1
梅田九十九復活,1
搭載,1
げろげろー,1
Researcherstakefullcontrolofcockroach'smovement,turnitintoawirelesssensor--Engadgethttp://t.co/74q4y4it,1
ダイクストラ法,1
goodgame,1
ランディ,1
ガソル,1
書き換え,1
宮崎さん引退,1
情報推薦,1
しんおおさかー,1
向こう,1
ゃんhttp://t.co/rKIYO3uG,1
コピペ元,1
日経Linux,1
記号,1
積分,1
TweetProcessing,1
レッドブル,1
ビックロ,1
しかた,1
K棟,1
ぎわろた,1
スマホ連携...シャープ,1
市場規模マップ(HTML5版)http://t.co/2aGvByK3,1
xcode,1
カナブン,1
初期クラスタ,1
maeharin,1
チータラうめぇ,1
本格派エンジニア,1
writer,1
処理,1
ターゲット,1
Bash,1
INTERNETWatchhttp://t.co/VjFBdYrgYt,1
マルコフ連鎖,1
ジャパンLinuxhttp://t.co/6GgovHBF,1
スポンサー,1
haswellたけー,1
returnキー,1
PDFぶん,1
言語,1
生産性,1
ゲド戦記,1
成人の日,1
!」→200人,1
ぱりこれがよさそうやのう,1
蘭Twente大学,1
スライド60枚,1
VisualizingData3章,1
一貫性,1
インパクト,1
ヲチモノ-お前等,1
gt;&gt;新海誠さん,1
静音キーボード,1
ー/(^o^)\,1
ナン,1
Androidアプリhttps://t.co/nFGQ4JaQ,1
試験普通,1
新聞,1
計画停電スリープ運用,1
段階,1
マンガ,1
読書用,1
iPhone参入,1
ぎなだけなんやな,1
次何,1
キモブロhttp://t.co/ZdmHUJDs,1
ラジオ,1
コンプ,1
魔神ブウ,1
睡魔,1
ThinkSocialBloghttp://t.co/mN6fBFbR,1
コロンビア大学法科大学院教授ティム,1
断創録http://t.co/mD7W5AIt,1
学祭,1
NBA給料http://t.co/JwIYgRFt,1
再生回数気,1
要求,1
mysql,1
ソート,1
基本http://t.co/dGt5Nzz0,1
クリリン関係,1
コービーエンジン,1
ソース,1
install=&gt;uninstall=&gt;install,1
OC,1
ソーシャルゲーム,1
情報編纂,1
continue,1
夜中,1
skypeアップデート,1
プロジェクト管理バックログhttp://t.co/ZodmdSCP,1
デフォルト設定,1
フルデスクトップ,1
巨大,1
連発F*CK,,1
糞老人,1
eshell,1
DespiteallmyrageIamstilljustaratinacage.,1
bb,1
GoogleEarth,1
プリコグ,1
by,1
ユニクロ率,1
ぉっしゃぁぁぁぁぁぁぁぁぁぁあーーーーーー,1
英文校正,1
先輩,1
random再生さん,1
Shaq,1
サーバールーム,1
ff0000みたい,1
ナッシュ38歳,1
沢山,1
値段次第,1
貢献度登壇者推定手法,1
いちごディスプレイ,1
Ruby2.0.0-p0isreleasedhttp://t.co/Ebizh3ayv1,1
株,1
XperiaShomelauncherandwidgetsleaked|XperiaBloghttp://t.co/jLz46Qo1,1
ソートアルゴリズム,1
話題満載http://t.co/XnkaLhU0,1
ふぐ,1
ふえ,1
ジャパンLinuxhttp://t.co/xMwvPqw6,1
変更-ITmediaニュースhttp://t.co/u93JzXnh,1
話s(r,1
接触w,1
char,1
表明~20nm,1
泣き,1
自粛,1
ドラム,1
表れ,1
殺伐,1
Julius,1
指定,1
ー!,1
メンテナンス,1
作り方,1
横浜観光,1
勤務表,1
iCloud,1
西,1
スマートSIM,1
GentooForums::Viewtopic-Gnome3.6-Applicationsgridshowsnothinghttp://t.co/UsxAIw57tQ,1
森下千里,1
サントラ,1
グーグル健作ワロタ,1
GoogleChrometoPhone,1
金土,1
ヒート,1
一片,1
キャンプ,1
脱退,1
microATX,1
Googleアカウント,1
一段落,1
幼少,1
オプション,1
ゼミ旅行,1
高速化,1
必勝法キター,1
ロッピー,1
oF,1
うめー,1
コーヒー一杯,1
想像,1
モツ,1
ジータ発売,1
ワーム,1
直,1
破壊的,1
試験運用,1
実習自分,1
ココロ社)-Y!ニュースhttp://t.co/70oGWxiUZn,1
松江市,1
うち,1
chrome常用,1
M/Bケチ,1
壁,1
デジタル出力,1
コンテンツ内容,1
クラッシュ,1
Emacs特集,1
操作可能シャープ,1
残り,1
髭,1
演奏,1
割引率上がったり,1
キノコ,1
登場,1
ディセンバーw,1
Endless.,1
uptimeコマンド,1
素直,1
ワゴン,1
初,1
firefox以外,1
MP回復,1
学生,1
チキンクリスプ,1
発売決定週アスPLUS#asciiplushttp://t.co/f83FGt6JqW,1
yasnippet一緒,1
NAVERまとめhttp://t.co/cVU6vLIE,1
石油,1
鋭さ,1
縦1200ドット,1
サーバーエンジニア,1
Apple,1
長電話,1
デスクトップPC,1
音質,1
台湾最終日,1
がれ!-発声練習http://t.co/TlLaB7OtAd,1
ひとりごと,1
マサルさん,1
WindowsPhone7.5搭載,1
ディスク,1
ClipperscrushCelticstowin15thstraightgamehttp://t.co/Y7lJ0AcK,1
wifiルーター,1
新海誠,1
飯何,1
スリープ運用,1
神戸線,1
Emuduinohttp://t.co/cvAHb9r0,1
文化差みたい,1
ワンダーワンダー,1
表紙動物,1
大学停電,1
twitterクライアントどうしよう,1
static,1
Google先生,1
書籍,1
位置情報,1
m2m,1
萩原栄幸,1
神機,1
文章化,1
乗り,1
Android特許訴訟,1
ツッコ,1
Thunderbolt搭載モデル,1
ハードウェア依存,1
マジキチ,1
仕様,1
山崎50年,1
漫画,1
日記http://t.co/iKSbwIXt,1
ネット経由,1
らく,1
SteamforLinuxreleasecelebrationsalehttp://t.co/WAKrkY0j,1
瞳,1
ThinkPadX220,1
スペル,1
状況下,1
ヤバイ!,1
リチウムイオン,1
スマパン,1
ぅぅぅぅっぅ,1
継ぎ目,1
窓全開,1
冷蔵庫シャープ:日本経済新聞http://t.co/QjYIVz7N,1
可能性|スラッシュドット,1
暗算,1
リーナス,1
米菓参入ポテト依存度引き下げ,1
Xperia,1
sinatra,1
TCP/IP,1
らん,1
エナージェルユーロ,1
つぶやき,1
ジェイソン・キッド,1
RGB逆,1
サムネイル,1
VirtualBox上,1
デュラント,1
私服,1
階数,1
メモリ3GB,1
漢,1
IT業界ビギナー,1
分散学習,1
コピー機,1
Objective-C,1
M-xtweet'hogehoge',1
事前アンケートみたい,1
libnotify,1
ワロタgti|http://t.co/53FmW7Bwhttp://t.co/EUN0Fna8,1
=(,1
死去|スラッシュドット,1
コンピュータ言語,1
枚数制限,1
据え置き,1
簡潔,1
TeamGeek,1
近刊:ITprohttp://t.co/9uXuwsos#itprojp,1
ギリギリ,1
新規,1
クロ,1
ulli').bind('click',function(){varindex=$('ulli').index(this);});,1
gnome-terminal,1
SIGGRAPH組,1
keynote,1
表明-EngadgetJapanesehttp://t.co/sDCvkjmYbG,1
Durant結婚,1
三ツ矢サイダーロック,1
変換地獄,1
コーヒー作り,1
ジーンズ,1
シラバス,1
レブロンヒート,1
ドロップ,1
?→ナップサック問題,1
!?」「物理,1
クズ,1
クス,1
クジ,1
放棄,1
混在,1
ゲルカットバック,1
内容spモードメール,1
肩,1
SDカード,1
BADUI,1
道連れ,1
プログラミング勉強会,1
付けどころ,1
客員教授講演会(12月14日)「空間情報学,1
推薦,1
左上,1
ジャパンハードウェアhttp://t.co/TMafTJzz,1
xperiaarc2.3.3,1
カフェイン中毒,1
モバイルノート,1
印刷UZEEEEEEEEEEEEEEEEEE,1
vi,1
ゼミ合宿一日目,1
糞マズイ,1
なめらか,1
選曲,1
絵文字,1
再建,1
auto-complete.el,1
戦闘機,1
理解不能,1
山登り,1
マーク,1
エルピーダメモリ,1
底辺,1
ヘルシンキ大学,1
首位独走NBA,1
個人的,1
Chromeウェブストア-goodbye"Zenkaku"-,1
ヒューマンエラー理論,1
自然言語処理勉強会,1
デスm,1
カーネルコンパイル祭り,1
ジャパンLinuxhttp://t.co/ybUrtG7BSx,1
玉,1
自由,1
予告~PCIExpress採用http://bit.ly/f2BkqH,1
容量1.6倍,1
正規化,1
エンドレス休憩,1
ブックマークニュースhttp://t.co/yCPx7THHTB,1
ハイボール6杯,1
アノ人,1
入学手続き,1
NHKスポーツオンライン-NHKスポーツ番組総合情報サイト-放送予定&みどころNBAhttp://t.co/mLNUxtrC,1
授業支援システム,1
ハッシュテーブル,1
ねぎま一本46円,1
当確,1
画像ファイル,1
BitTorrentSync,1
LANケーブル一緒,1
地震,1
ソニエリ,1
布袋,1
世界征服,1
腕,1
閉鎖,1
エアダスター,1
ロドマン,1
トリップ,1
プリント&amp;スキャン,1
Googleブックス,1
ビタビアルゴリズム,1
printf("%s\n",str);return0;},1
Allowautomaticupdate,1
gitpush,1
iPhoneマダー?,1
Unixコマンド,1
githook,1
所持金1200円,1
LANケーブル,1
船頭,1
ソフトウェア開発設計,1
右,1
ジャパンhttp://t.co/fxLNZ8MK,1
int,1
経済:YOMIURIONLINE(読売新聞)http://t.co/xMvcP6fH,1
LINE疲れ,1
HDDどうし,1
教室クーラー,1
エンジン音,1
ジャパンデベロッパーhttp://t.co/59Pr7STP,1
お家,1
定価,1
日本企業,1
Virtualization,1
生産開始http://engt.co/hL4h6h,1
librarywebrickhttp://t.co/CYlMoLFc,1
自力",1
WUXGAの,1
公開処刑,1
iTunesみたい,1
ゼネラリスト,1
誘致,1
ライセンス,1
Windows/Mac/Linux版,1
信用,1
タイムラグ,1
業務用PC自作,1
MAX,1
有望株発見http://t.asahi.com/vs0,1
MAC,1
SNS,1
奥野俊一,1
セールhttp://bit.ly/a7pWEB,1
AndroidMarket,1
Gasol,1
チャンドラー,1
ソーダ水,1
メーリス,1
欝,1
jphttp://t.co/VHQxJ7uv,1
コンピュータヴァイラス,1
平等,1
宮駅,1
程度信頼,1
ガラケー+タブレット,1
曖昧さ,1
静的解析,1
ボット,1
ナタリー-,1
absolution,1
コード(動的言語,1
世界初,1
妻,1
シンボリックリンク,1
ThinkPadX121eキタァッァァァァァッァーーーーーhttp://t.co/ywbjLB2,1
文章あいまい,1
include{},1
複数タスク,1
偶,1
修正品,1
ファイルサイズ順,1
andymori,1
カブ,1
スペック,1
誕生...,1
マズイ,1
ゲーミングキーボード,1
チャイナエアライン,1
注文ステータス,1
ケニー,1
胎児,1
kuso,ahoandbaka,1
遺伝子,1
手遅れ,1
路線,1
科目,1
sparql,1
社長続投,1
忘年会,1
google-translate.el,1
課題大体オワタ,1
同時並行,1
宇宙兄弟,1
さいき,1
駅名,1
バッシュ,1
フレッツ光,1
印象,1
使い放題,1
横画面qwertyキーボード,1
暴徒化,1
NaturalezaFractal.GeometriaSagradayNumeros.-YouTubehttp://t.co/nesbg51X!,1
triangle(),1
香川大学,1
電源プラグ,1
排他的論理和,1
秒速5センチメートル,1
こうか,1
プラズマクラスターイオン発生装置|ドキュメントシステム:シャープhttp://t.co/uhllpjar,1
糖分取り,1
緊急記者会見#nicohouhttp://t.co/fCXkRWUW,1
糞ウザイ,1
GNUTelephonyhttp://t.co/xC5njla3,1
マウンタ,1
HDD静か,1
ティーグ,1
酔っぱらいたち,1
マウント,1
段ボール付きマザーボードhttp://bit.ly/f7bW2a,1
ルーツ,1
Titanium,1
ゆうじとり,1
><,1
共同店舗,1
LinuxDailyTopics:2012年7月25日安定性,1
メビウス,1
サポート,1
ノードグラフ,1
冷,1
子,1
チョーク,1
jfqqqyfぐうほお,1
面談,1
昼食,1
hacking,1
チラシ,1
ジャパコンTVプレゼンツプライムアニメーション,1
社会人Webプログラマ,1
ブート,1
サイクロプス?メキシコ,1
サーバーラック,1
キッド,1
ドイツ語版,1
独創的,1
電源入れ,1
ダンカンいつ,1
おしまい,1
授業内容,1
人発見,1
全日本総合,1
POLYSICS,1
画像形式,1
Hadoop,1
デンモクシステム,1
レポート2ページ以上,1
予想外,1
現象,1
やり方,1
長文メール,1
パーマ具合,1
ウィンドウショッピング,1
やりがいみたい,1
呆然,1
GNUEmacsForMacOSXhttp://t.co/oCoAH012,1
ロードマップhttps://t.co/jMZHoGOq,1
これだけ差,1
可視化,1
世界最大手,1
validationtool,1
発表|スラッシュドット,1
知能,1
衝動買い,1
Reply,1
コピペルナー,1
柔軟,1
こいつら,1
鰻,1
こいつー,1
webページ更新,1
大学ブランドランキング2011http://www.recruit.jp/news_data/data/edu/20110721_02.pdf,1
算術演算,1
アズナス,1
付け根,1
スピードアップ,1
HATSUNEMIKU,1
androidmode,1
NIC認識,1
掲載中!http://t.co/txDV0lbDX2#mtgjp,1
保存,1
一休み,1
モスバーガーうめぇ,1
Macみたい,1
優勝メンバー何人,1
透過,1
閲覧,1
Linux3.5,1
家計簿,1
研究,1
画面分割,1
新た,1
嵐,1
ゃっきゃうふふしたい,1
エラー処理,1
skype越し,1
自作スクリプト,1
あとふぐ,1
入力,1
ヤクザ,1
NHKつけ,1
着い,1
モバイルアプリ,1
目覚まし無し,1
Phone2GoogleChromeTMbrowser-GooglePlay,1
残り38.5秒,1
NBAAllStar,1
HDMI/SD/USB/LAN端子つき--EngadgetJapanesehttp://t.co/9aoKfECh,1
case-basedreasoning,1
platex,1
契約,1
インストール祭り,1
道九工大,1
徹子,1
不具合,1
ほこたて,1
サントリーサンキュー,1
帯域制限,1
パブリックアート–MarkJenkins-|STYLE4Designhttp://t.co/r0RLhKBi,1
えり,1
状態,1
御免,1
ぁdjぁd;fjfkぁdsjdfl;,1
IBMShrinksBitSizeTo12Atoms:http://t.co/1N8GRKHD,1
国際カンファレンス,1
再建策作り大詰め米マイクロン,1
ギターケース,1
ぱにすんのやめて,1
opencv,1
中国語,1
サンダー,1
一致,1
マスター,1
サウンドカード,1
A`),1
iOS,1
アービングなに,1
美女,1
ロック,1
GNOME離れ,1
了承,1
タスクマネージャ,1
開発中-GIGAZINEhttp://t.co/IZAvCneN,1
声優募集,1
医療分野,1
真理,1
マイクロプロセッサ,1
エース,1
大損,1
エディタ名],1
付属品,1
総括-laisohttp://t.co/gAIZetsHkv,1
正確,1
サービス,1
人並み,1
ピタゴラスイッチ,1
美味すぎ,1
最強メソッド,1
通信障害,1
宅配ピザ屋,1
起動時間,1
ナタリー-andymori,1
種ソルト&ペッパーうめぇhttp://bit.ly/i5w5Qa,1
録画放送,1
WiMAXルーターWM3500R,1
ついで,1
激安カラーレーザプリンタMultiWriter5750C,1
SIMロック,1
ーむ,1
ーめ,1
ぎゃろぐ"http://t.co/iRpcXq675y,1
ーら,1
ME370TG,1
LinuxDailyTopics|gihyo.jp...技術評論社http://t.co/gNYaVO98,1
iPad2,,1
エレベーター,1
兆し密封パック,1
ITmedia+DLifeStylehttp://t.co/3umqY69j,1
ゴミ箱,1
ためし,1
ダライアス,1
for(){if(!foo)continue;for(){hoge;}},1
update,1
準備OK.,1
増井雄一郎,1
色決定アルゴリズム,1
麺類,1
意欲,1
修士論文不要,1
セキュリティ,1
Bold,1
通知,1
バーチャルコンソール,1
はとぅんとふぃあー,1
各地,1
フリー,1
atan(y/x)=atan2(y,x),1
SATAHDD,1
LaTeX,1
ないものねだり,1
恵比寿ビール,1
正直,1
一泊,1
蝉マジ,1
Nokia携帯,1
疾,1
ハイビジョン特集ゲーム,1
無印MacBook,1
intelドライバどれ,1
apache,1
システム開発,1
ハーデン移籍,1
lakers,1
デモ動画,1
OKC,1
犯人,1
インストール用,1
クエリ,1
ジノビリ35歳,1
肥やし,1
AKB,1
理工系)-発声練習http://t.co/YN6zC5r2,1
英語版,1
克服,1
万が一,1
ミゲルw,1
雨鬱,1
BS2,1
熱伝導機構,1
LinuxDailyTopics:2011年12月6日Linus,1
挫折,1
ワンクリック,1
PC30台,1
むりー,1
割れ目,1
ヒント公開,1
NHKスペシャル|コンピューター革命最強,1
付け方,1
顔写真,1
正規表現,1
AVタイトル,1
ゲッタ,1
iPhone5,1
増殖,1
登校,1
行い,1
discussion,1
ノート一台,1
Dropbox,1
鼻づまりがトライアングルオフェンス,1
?:,1
暴飲暴食,1
夜景キレイ,1
似顔絵,1
ーhttp://t.co/vhjecN0w,1
計算時間,1
?",1
ポイズン,1
プリクラ屋さん,1
大嫌い,1
ダグラス,1
ゃひでぇ,1
ムカ,1
AlienSwarmダウンロード中/(^o^)\,1
ディスコン,1
筋肉痛,1
sSpursvsHeat,1
邦題,1
民主主義,1
頭文字D,1
東海道新幹線N700系車内,1
ぁぁぁぁぁあぁっl,1
!」#gihyojphttp://t.co/Varn3X2v,1
苛,1
ゆき,1
おみやげ,1
helloandroidworld実機,1
ポチろうと,1
折茂いま何歳,1
サッカー選手,1
ハルヒ,1
まつもとさん,1
Createuniquewebsiteswithoutwritingcode|Muse(codename)http://t.co/RzUcgLH,1
バッチ処理中,1
Hello,******'world!,1
MOTHER3はじめ,1
日記http://bit.ly/fQLoaK,1
掃除ロボ,1
そワロタ,1
開幕レジェンドw,1
水割りうめぇ,1
胴着,1
ヘッドマウントディスプレイ,1
リアルタイム・ウェブ,1
コスプレ,1
武器,1
ハンガー,1
アイシン対パナソニック,1
Ctrl,1
Celeron,1
人マジ,1
複数OS,1
間接アドレッシング,1
thttp://t.co/C6Lhp4r,1
メロンコリー通し,1
横目,1
O'REILLY,1
お知らせ:ドコモメール提供時期,1
コンピュータ道:いま,1
授業中,1
打ち合わせ,1
ハンドル,1
サバイバル:先行研究,1
パチンコ家,1
auロゴ,1
活躍,1
PC処分,1
大阪地裁,1
マシン語,1
ひよこちゃん,1
イカツイ,1
コンパイラ,1
小銭整理,1
問解説,1
ガキ,1
ベータテスト,1
いち,1
Mini-ITX,1
エディタ別リア充度アンケート-人力検索,1
ダイレクトメール,1
ジェットスキー,1
クリスマス,1
無線,1
移動,1
ジャパンidlehttp://t.co/JT8wFweglD,1
professional,1
ぅまぁいぷらぎぃんべいべぇ~,1
大阪モノレール,1
発売|スラッシュドット,1
Winny開発者,1
誤差みたい,1
title,1
延命治療,1
吉高由里子,1
epub版,1
AlienSwarm,1
リセットボタン,1
電池,1
音楽最高,1
おでん,1
関西弁,1
やけくそ,1
RGB,1
レッツノートAX(CF-AX2)|パソコン(個人向け)|Panasonichttp://t.co/HjfJz8wP,1
ょうじょうが,1
来館,1
参考URLhttp://t.co/qaCf2TQ7,1
ザイル,1
AIREAL:TactileGamingExperiencesinFreeAir|SIGGRAPH2013http://t.co/csGyEDkEFG,1
Ruby本,1
標準化,1
>「あなた,1
キモイ,1
効果覿面,1
水うめぇ,1
Beta,1
CodePuzzlehttp://t.co/8XnnU8ombL,1
BrandonRoy'stopsuitorsareBulls,Mavs,PacersandT'wolves,sourcessay-Yahoo!Sportshttp://t.co/cLbrYVis,1
眼,1
期末レポート,1
共著,1
ぐぐる,1
新横浜,1
GNU,1
巧み,1
Apple製品,1
辞書,1
内蔵ストレージ,1
セミ,1
lite,1
document,1
生産,1
ワケ,1
FirefoxInputhttp://t.co/X3gISZVK,1
ジャパンhttp://t.co/YtWQU8Rl,1
C棟,1
ウイルス作成:東京,1
RANSAC,1
サロン,1
展示セクションレポート(1)http://t.co/LBW6Y08z,1
SDL,1
白,1
ジャパンhttp://t.co/lezyQMD,1
公開http://t.co/naAXyadOzC,1
原因究明,1
国内販売,1
Office2013,1
起動時,1
自民党,1
タブブラウザ,1
山下,1
カラム,1
解説奥野w,1
優,1
ぁぁぁぁっぁあっっっっっーーー!,1
キー,1
FlashPlayer10.1,1
processing+simpleOpenNi,1
人工知能学会懇親会,1
ブログhttp://t.co/nUkwvZBE,1
MozillaFestivalinTokyo2013http://t.co/egWUUGAi8B,1
VirtualDesktop,1
丁度,1
スーパーサイヤ人3,1
学会誌,1
output,1
中古ネットブック,1
回線丼,1
メモ,1
付け所,1
黒板,1
目線,1
特集』|BSフジhttp://t.co/pCiClnGk,1
東海道以外,1
カルバック・ライブラーダイバージェンス,1
必読,1
init,add,commit,branch,1
横須賀線,1
英単語,1
桃うめぇ,1
英単語-Tagussan'sJunkDepothttp://t.co/1YMIDMN3l6,1
大学生,1
MvC2,1
MvC3,1
defaultkernel,1
東,1
並列化,1
ホームパイ,1
ナルトみたい,1
山小屋,1
認知科学,1
手のひらミニPC,1
スライド,1
知識,1
のどごし生,1
ITホワイトボックス2,1
日産,1
フライング一回,1
input{},1
締め切り,1
BShi,1
マスオ呼び捨てワロタw,1
コン言,1
ぇなぁ,1
ハイパーボーイhttp://t.co/icdUKRW,1
料金プラン,1
関係,1
アクセストークン,1
PCWatchhttp://t.co/vkPL5gHRbr,1
ネットワーク,1
スコスコ感,1
構造体|クラス),1
総務省|電気通信番号,1
ジェイソンキッドリング,1
試み,1
エリクソン,1
両替,1
ウケル,1
テッテッテーテレッ!,1
試し,1
REALFORCE,1
勃発,1
Linux機!スパコン世界一,1
NScripter,1
do-while文,1
お披露目,1
電車内,1
天空,1
フィギュア,1
WindowsPhone7,1
基礎(仮題)http://t.co/YNBQR1ufzh,1
--,1
lookコマンド,1
cronさん,1
就活イベント,1
変態,1
個人輸入,1
ゼミ展準備,1
自宅,1
オープンキャンパス&,1
skype不調,1
お人好し,1
デラックス,1
期間限定,1
エアコン,1
バルス,1
マッチ,1
鴨澤http://t.co/GluL759n,1
合同コンピューティング,1
商標登録,1
ジノビリ変態,1
基礎http://t.co/iUN3wm4t,1
起動フラグ,1
人工知能音波テクノロジー,1
はなしhttp://t.co/2ua7CPAU5I,1
Pen4機,1
HAI復習,1
DroidRAZRbyMotorolahttp://t.co/eryPW5vG,1
勝利http://t.co/eVMrbbuQ,1
ダミーファイル,1
教室,1
イチゴ,1
SL,1
SE,1
基本ソフト",1
include&lt;stdio.h&gt;/*おまじない*/,1
グランフロント,1
後先,1
一定,1
デジカメ,1
スペイン語だらけ,1
バス貸し切り,1
予測変換,1
fb,1
プラチナデータ,1
コーヒー飲,1
whttp://t.co/irPpJi4D,1
n_tkt,1
powertop,1
Controlキー,1
ぇファン,1
英語https://t.co/GQB7EMpUHe,1
幸福実現党,1
点線,1
バズライトイヤー,1
貪欲,1
hackathon,1
LinuxRadio,1
チート,1
正気,1
金網,1
失格,1
社説,1
実機デバッグ,1
GNUEmacs24.1リリース|スラッシュドット,1
お知らせ:spモード,1
筐体,1
Processing発表会,1
シュミレーション,1
None,1
大学院生,1
LIBSVM,1
じゃがいも,1
Monaca-HTML5モバイルアプリ開発プラットフォームhttp://t.co/6AtWirmCqx,1
ドイツ人開始,1
Boston,1
コマンドコピペ,1
モトローラ,1
サイト,1
アップロード,1
。[H]ard|Forum-ViewSinglePost-StorageWhorewantstogoITXhttp://t.co/EB7fRGtHzL,1
ジャパネット,1
gt;訳:誰,1
価格.com-WESTERNDIGITALWD20EARX[2TBSATA600]価格推移グラフhttp://t.co/LL4xUTXU,1
Xperiaarcキターhttp://tinyurl.com/4hnhhnv,1
Halahetta.,1
参加人数,1
ファミマプレミアムチキン,1
DisplayPort,1
経路探索アルゴリズム,1
トップ-ウンコード,1
ウィスキー,1
連載,1
変態ステップ,1
Feedly,1
tmuxonEmacs,1
天下一武道会ルール,1
主張|スラッシュドット,1
軽量化&ヘッドホン交換対応-EngadgetJapanesehttp://t.co/8Ihbw8vO,1
判事,1
卒研中間発表,1
ジャパンhttp://t.co/OmtO3fEz7x,1
OptimusMaximushttp://t.co/YOY42qeR,1
ジェットストリーム,1
プレミアムモルツうめー,1
ろ剣,1
特定宗教,1
つり革,1
Lakers無理,1
別々,1
ホッケー,1
電子手帳アプリ,1
エスカレーター,1
スクロールガクガク,1
ミドルクリック,1
招待,1
一幕,1
戦力,1
ヘビーユーザ,1
wwwSouthParkxMarcJacobs-"ProtectYourLargestOrgan"CharityT-Shirt|http://t.co/dliDHJ8Qhttp://t.co/lAZj7IGF,1
ディスク使用状況,1
リップルレーザー,1
アカボシ-YouTubehttp://t.co/ZJkNP0HeX1,1
FirefoxOS,1
停電?,1
大学中退者,1
sthttp://twitpic.com/2639t5,1
:「ソフト,1
ぁぁぁーー,1
催促,1
期限,1
ぁぁーー,1
hiki復活,1
ITホワイトボックスIII,1
影響,1
AreyouOK?,1
arduino環境,1
SierpinskiTriangle:BuiltwithProcessinghttp://t.co/oQG9IQ0I,1
Onemorething...マダー?,1
gnome-shell,1
不労チャート,1
拡張スライドパッド,1
自動更新,1
リチャードギア,1
Firefox4,1
APIアクセス受け入れ,1
指示,1
捜査:日本経済新聞http://t.co/oFbdA5Kf,1
privatealbum,1
屁理屈,1
グラス,1
そww,1
手話CG,1
ぱらって,1
apt-getinstallfireware-iwlwifi,1
たこ焼きリベンジ,1
問41公開鍵暗号方式,1
差別フォロー祭り,1
糞システム,1
裏,1
ぁなんとかなるやろ,1
反対,1
カスタマイズ,1
クロ6万人日産スタジアムライブ,1
GoogleSeeking"SearchWithoutSearch":http://bit.ly/dF1bwx,1
グラボ,1
IDF2012レポート-高速化,1
アウトプット,1
そこら,1
MAILER-DAEMON,1
盛,1
番宣,1
Dockアイコン,1
memo:mount-tntfs-outf-8/dev/sdb[15]hogehoge,1
魔人ブウ,1
高槻市駅前,1
n冊,1
奥野俊一w,1
nginx,1
GoFデザインパターン,1
AppceleratorCloudServices,1
ふじてれびいいいい,1
再生,1
左手,1
デフォルト,1
祭り,1
...?:,1
L.ALakersHighlightsvsHoustonRockets(1/3/12)http://t.co/Hx6DroWc,1
メール等,1
永遠,1
processing,1
握手券付きディストリビューションCD,1
外部電源,1
ビッグデータ洗濯機,1
関大!」,1
ベッド職人募集中,1
for(){if(){for(){hoge;}}},1
巨額賠償請求,1
ぱにしてたらコンピューター,1
海老蔵以外,1
サンプルプログラム,1
数学者,1
ブルースクリーン祭,1
変更,1
ーぴーゆーhttp://t.co/FcZE7jXy,1
無茶苦茶,1
北森瓦版-,1
検討中(BusinessJournal)-Yahoo!ニュースhttp://t.co/ZdxKyHx1,1
風邪,1
MyAddress,1
UI研究,1
キターDebian6.0"Squeeze"releasedhttp://bit.ly/hLqV1e,1
米英,1
連続音声認識-人工知能,1
ケース高すぎ,1
Wheezy,1
生放送,1
半そで,1
糞野郎,1
A4,1
割引シール,1
独特,1
ストレート,1
AV,1
コムサ,1
ジャパンIThttp://t.co/4iRMr4n3,1
銀魂録画,1
GOL2,1
slコマンド,1
自室改造,1
袋,1
InternetDraft|スラッシュドット,1
いちご,1
自作熱,1
star(),1
オンライン,1
馬鹿め,1
pfm_test:BuiltwithProcessinghttp://t.co/kg1KWlBE#prfm_global_site,1
EmacsWiki:TextTranslatorhttp://t.co/rJTYKp14Sw,1
充電器どこ,1
母,1
横断,1
コーヒー1杯,1
書籍55冊+,1
腕試し!:ITprohttp://t.co/FemPyKyK,1
自作USBパチンコ,1
現実味http://t.co/C3t40Ejr,1
十分,1
学生)「,1
ぐぐると,1
ダッシュ,1
ペアプログラミング,1
かばん,1
手首,1
ダメ-発声練習http://t.co/md6sZRF4p4,1
BD-BOX化,1
ITprohttp://t.co/ocsLFF2s,1
レーザプリンタ返品,1
津田大介,1
撤退,1
サイン入りシューズ,1
アプリケーション,1
悔い,1
TDP35W,1
SturmwindforDreamcast-OfficialTrailer(newDreamcastgamein2011)-YouTubehttp://t.co/pX88NdLA,1
Mini-ITXマザー,1
基本情報勉強会,1
Torchlightポチ,1
手順,1
MP3プレイヤー,1
目標,1
gingerAPIfromEmacshttps://t.co/wBvs5y8kPz,1
パズドラ,1
正月,1
糞レジュメ,1
危険,1
BlakeGriffin,1
D端子,1
柿,1
品切れ,1
米国国際ニュース:AFPBBNewshttp://t.co/f2enuBUL,1
ブリッジ,1
Proessing,1
Tim...,1
現金,1
海外)http://t.co/jOJEXTSIWH,1
講師,1
JISS1102住宅用普通ベッドhttp://t.co/EXZgGSQS,1
HappyHackingKeyboardProfessional2墨PD-KB400Bhttp://t.co/GYKmWhZ0,1
終電,1
ピザ,1
棄却http://t.co/nJyOdlW,1
気分的,1
DerrickRoseofChicagoBullsoutforseasonafterkneesurgery-ESPNChicagohttp://t.co/7dm2wW8rDs,1
自動,1
件-テラ,1
学問,1
有様,1
SourceEngine,1
Google翻訳,1
音楽番組,1
KevinLove,1
Final,1
優勝,1
調達,1
疑い,1
!」何,1
お腹いっぱい,1
終電気,1
丸亀製麺,1
キャラクター名,1
OCN,1
生成,1
カーテン,1
ターミナル複数個,1
CEO,1
Welcome-Fritzinghttp://t.co/wqAO5M1t,1
Google日本語入力-モールスバージョンhttp://t.co/q93ZUpba,1
回線,1
PHS,1
あと2年,1
しゃっくり,1
Xperiaarc予約完了,1
連続放送-,1
swap領域,1
みい,1
デュアルディスプレイ生活,1
災害支援キャンペーン,1
darkyellow,1
plzhurryup.,1
SonyEricssonsaysnoCarrierIQonXperiahandsetshttp://t.co/JO7srWWZ,1
returntrue;,1
NUC,1
GnuFreeCalll,1
レア,1
抜本的,1
却下-ITmediaニュースhttp://t.co/suJGFMh,1
チキン,1
アイス,1
高校生IT技術者Mine,1
processingGUI,controlP5http://t.co/tynwDdtx,1
ビデオ,1
トップページ,1
学園,1
マウスカーソル,1
KFCgetsfreeUKWiFithroughTheCloud:getsomedatawithyourdrumstickshttp://t.co/hO92QMzGih,1
ezw課題,1
BSフジ,1
Redbull2本,1
タオパイパイみたい,1
Enter,1
ファイル名,1
サイボウズ式"http://t.co/xoyNtMnyIs,1
基準,1
SonyXperiaZ1C6903(Unlocked,16GB,Black)価格&amp;特徴-EXPANSYS日本http://t.co/k6NXHcSBHx,1
バックステップ,1
宅,1
エイプリルフールネタ,1
経済新聞,1
スクリプト系,1
Matz,1
方法-Mac,1
自在,1
公用語化,1
燃料投下,1
相談,1
中村獅童,1
ジャパンオープンソースhttp://t.co/npnJuVkGV2,1
ミレニアム技術賞,1
チョコレート,1
イベント,1
pre-beta,1
インタラクションデザイン,1
モバイルアプリコンテスト2012・ノミネート作品http://t.co/jhjPz11c,1
むやみ,1
ホタルイカ,1
トイストーリ,1
IT時事,1
SoftwareDesign,1
気持,1
チャットモンチー,1
解約料,1
東プレ,1
RubyistMagazine-Ruby2.0.0リリース特集http://t.co/p6ExCRafjU,1
管理,1
曲目,1
中学生,1
及,1
やす,1
かね?,1
メイド,1
w&gt;&gt;get-image-from-web/imgDown.rbatmaster·otknoy/get-image-from-web·GitHubhttps://t.co/GdxSYPCh2l,1
背後,1
Hadoop:ITprohttp://t.co/zn3bcuJk,1
作成,1
ソニーhttp://t.co/dC7oA0fN,1
アイシン対ワトキンス,1
山崎,1
ジャパンIThttp://t.co/VpSrJZSv,1
作戦,1
IT関連,1
カップヌードルミュージアム,1
日経新聞,1
ビジュアライゼーション,1
ゅうしつはりんごからおかねでももらってるんですかね,1
富田,1
ケース付属,1
OKC/(^o^)\2013NBAPlayoffs-OfficialSiteoftheNBAhttp://t.co/gBsXxoO8ml,1
ジャパンデベロッパーhttp://t.co/Zx43s80I,1
軽量化完了,1
ぶり,1
件名,1
行き帰り,1
毎日定点カメラ,1
フジ,1
誕生40周年,1
録画決定来日中,1
GA!!!,1
no_proxy,1
ブラタモリ地方ロケ,1
ジュンマイダイキンジョーw,1
ぐぐったらその会社,1
バクレポート,1
フリ,1
ファービー,1
リストラ,1
計算機科学系,1
暦,1
電源スイッチ,1
コントローラいくら,1
拡散Webブラウザ,1
あご,1
プレミアムモルツ,1
fakebook,1
あて,1
あま,1
ハンドル捌き,1
cheet.js,1
両面印,1
チュニジア戦,1
想像以上,1
サウンドバトル,1
twitter,1
脆弱性,1
スターター豪華すぎワロタw,1
レビューいくつ,1
AKB48(,1
スライド一枚,1
向き,1
カード,1
対人,1
大学雪,1
プログラミング作法,1
ドラゴンクエストモンスターズテリー,1
収納,1
ミスチル,1
JAZZvsNETS,1
違い,1
UNIX布教活動中,1
ソース全部手書き,1
熟,1
素点,1
負担,1
スペインゾーンディフェンス,1
ログ,1
展開,1
Google世界征服計画,1
ASCII.jp:ビッグデータ,1
映画,1
留学生,1
当事者,1
三日月w,1
カツオ,1
文化祭,1
さわおだ,1
テルミン,1
キリロワイヤル・スペシャル|NHK年末年始番組ガイド冬ナビhttp://t.co/mLgM7t1j,1
嵐山,1
LakersgamblechemistryinDerekFishertrade|http://t.co/9Ps7f3BKhttp://t.co/AUnUZKEt,1
ハーゲンダッツ,1
Arduino入門(,1
はっぴょうがかんこくになったのかと,1
機種変更,1
削除ボタンどこ,1
朝食,1
攻め,1
エンジニア必携ツール1個http://t.co/GIWCKmoaju,1
Android本格参入独自マーケット,1
人達,1
validation,1
UNIXコマンド,1
雪合戦,1
ハッキング関係,1
陽射し,1
駆動時間,1
マウスクリック,1
オランジーナ,1
コーヒー3杯目,1
魔法,1
Iamprocessingtheprocessing.,1
swap,1
円谷マダー?,1
クアッドチャネル,1
ウォークマン,1
tweetテスト,1
ニフラムニフラム,1
YouTubehttp://t.co/yz7vAUwZ,1
記者,1
ヤバイwFurbygetsarebootfor2012,wegohands-on(video)--Engadgethttp://t.co/lPrfbhzN,1
技術文章,1
カレンダー,1
RAIDsetup-LinuxRaidWikihttps://t.co/CGcjZCwMWL,1
dvipdfmx,1
バトル,1
ScoresandSchedules|http://t.co/9Ps7f3BKhttp://t.co/dcsKWMeF,1
Makefile,1
藻類,1
Linuxマシン:ITprohttp://t.co/99JzoxEf,1
布団,1
傾向,1
成功,1
コイツ頭,1
xperiaarc,1
ドットインストール#dotinstallhttp://t.co/kZCCzymVf1,1
new,1
月額2060円,1
JSAI,1
スマフォ別々,1
ミュージッククリップ,1
ガリレオX,1
無銭LAN,1
twitterstreamapi,1
ディレクトリ構成,1
向上,1
VBA,1
ピーピー,1
むり,1
スルメスケープ,1
誘惑,1
シリーズ3機種,1
ハンバーガー,1
裸族,1
情倫,1
AMD売上高2%増,1
伝達関数,1
総額125億ドルhttp://t.co/xpyCGyW,1
糞アプリ,1
Blu-ray,1
がれ,1
開幕2週間,1
ガラケー機能,1
がん,1
画面イカ,1
give,1
DBpediaJapense,1
ピッコロさん,1
iPhone使い,1
方法|,1
andymoriTシャツ,1
proxy.pac,1
新大阪-東京,1
糞ジジイ,1
労災請求,1
ポルノ画像,1
Mac使い,1
ヤケ酒,1
emacs2.png(1903,1
連絡,1
スープ,1
静かさ,1
コメントアウト,1
ウェブサイト,1
第一歩,1
前半,1
ジャパンhttp://t.co/gadga6QoCa,1
描画速度,1
セブンイレブン,1
バンガロール,1
理由http://t.co/1MLdGo7nt3,1
オラクル,1
コンピュータサイエンティスト,1
k-means++,1
瞬時,1
LeakedIntelroadmaphintsatIvyBridge'sfuturehttp://t.co/5p6XHNj8,1
支障,1
ビューティフル・マインド,1
検討,1
ゼミ合宿,1
日頃,1
盆休み,1
投票率,1
スクリプト言語,1
電話番号,1
クズ),1
小型機,1
エディター男子ブーム,1
パク,1
二分,1
foo_bar,1
Muse,1
社会復帰,1
Apple-iPadmini-iMactouch-TVAd-[Parody]:http://t.co/IPXmcB0Y,1
COBOL,1
パン,1
MicrosofttoAcquireSkypehttp://www.microsoft.com/Presspass/press/2011/may11/05-10CorpNewsPR.mspx,1
)、英語,1
切実,1
公式RT,1
Bynum,1
田原総一朗w,1
宅急便,1
fms,1
過剰反応,1
キンモクセイ,1
RMS,1
エゴレスプログラミング,1
コネクト,1
ジャパンデベロッパーhttp://t.co/S8AUVGI8訃報:-C-言語,1
カリオストロ,1
役割,1
lenovo,1
構造体,1
バッテリー25%,1
雑誌スペース,1
ワイヤレス,1
思い出想起,1
特殊,1
モバイル版,1
Iloveyou.,1
POP,1
市場,1
ゲーセン,1
Web業界,1
Untitled,数学者ポアンカレ,1
サーバルーム,1
Comet,1
容疑者X,1
パナソニック,1
OREOSeparatorMachine#1-Creator:PhysicistDavidNeevel-YouTubehttp://t.co/truLCursEX,1
マッチアップ,1
ハード,1
whttp://bit.ly/abl5uX,1
トライアングルオフェンス,1
サブディスプレイ,1
皆さん,1
餃子,1
otknoy/get-image-from-webhttps://t.co/FEoRDOuK,1
SIGGRAPH]骨組み,1
DQ7,1
部活帰り,1
実装ソン,1
佐川,1
colorful,1
事業継続,1
罠(中原淳)-個人-Yahoo!ニュースhttp://t.co/J5gNsZ6HfF,1
リズム,1
ジャパンIThttp://t.co/auoDkJYq0D,1
雷,1
俊敏開発,1
アクションスリップ,1
和訳,1
新型HMZ-T2,1
otknoyさん,1
体力,1
献身,1
gt;&gt;大学院,1
女性,1
留年,1
お盆ダイヤ,1
ロスタイム10分,1
ひきw,1
不可能,1
ツッコミどころ,1
ほんま,1
カバーアート,1
価値観,1
中華上手,1
ぃひ),1
頭脳誕生http://t.co/n1YGdGnI,1
使い方:ターミナル,1
network-manager,1
JSON,1
点,1
skype氏,1
げろー,1
リマインダーメール,1
メールフィルタリング設定どこ,1
Torchlight,1
Instagram風,1
ファイル分割,1
想起,1
生誕20周年,1
支配,1
行方不明,1
有限,1
認知心理,1
キャンペーン,1
高過ぎ,1
flowerDemo:BuiltwithProcessinghttp://t.co/BZsBX06t,1
ESどころ,1
アーキテクチャ:ITprohttp://t.co/s54STH7j,1
筆記試験,1
Corsairさん,1
シャッフル再生,1
めん,1
狂気,1
音象徴,1
HHKPro2,1
決意,1
emacs|vi),1
太平洋,1
独占インタヴュー«WIRED.jp世界最強,1
Onemoretime,Onemorechance,1
開催NHKニュースhttp://t.co/8VoqvkwFYt,1
仙豆,1
softbank,1
JustinBieber,1
馬鹿http://t.co/oSoqYZ2b,1
サーバ用,1
制御信号抑制,1
予習,1
お気に入り,1
ジャパンLinuxhttp://t.co/A55vV3du,1
死因,1
棟,1
語尾,1
Mac]テキストエディット,1
ドイツ語むずいぞこら,1
CodingBat,1
クローズアップ現代,1
商品,1
manzyuk/google-translate·GitHubhttps://t.co/XPwAuF1TDZ,1
etc/emacs/site-start.d/50yatex-init.el,1
リリース前,1
開始-ITmediaPCUSERhttp://t.co/kQlgb3KzPj,1
CDドライブ,1
発達,1
bold,1
SonyXperiaV:4.3-inchHDdisplay,MSM8960,13MPcamera,waterresistant|XperiaBloghttp://t.co/g3Lwlc9f,1
完全,1
禁止,1
全員,1
アドバイス,1
発送,1
commit,1
裸眼3D微妙w,1
プレゼン用資料,1
EffectiveJAVA,1
最寄り駅,1
自作PC,1
荷造り中,1
ガシガシ,1
オブジェクト指向脳,1
エルピーダ米企業支援,1
♫http://t.co/x1PhlbDjsi,1
ホールケーキ値段,1
インターネット,1
女の子二人組,1
KyrieIrvingreturns,liftsCavspastLakersdespiteKobeBryant's42http://t.co/o1ar0d4K,1
石版,1
対策http://t.co/2wpmIbkh,1
プレゼント方法,1
サムスン・LG,1
靴下裏表逆,1
公開|エンタープライズ|マイナビニュースhttp://t.co/ANaozUIx,1
お茶,1
トレード,1
急性心不全,1
期日,1
スパゲティー,1
ダメダメ,1
店員Mhttp://t.co/9pL7ogcCjn,1
地下,1
NHKニュースhttp://t.co/B1yJ7PdB,1
GoogleMap,1
字数制限,1
ことわり,1
ガラケー防水,1
焼き鳥,1
ハイライト,1
macports,1
改善,1
盾,1
適切,1
スマフォ向け,1
ポインタキターw,1
ぱにしとくわ,1
削除,1
UbuntuforAndroid発表,1
ロードバランサ,1
若年層,1
変更:ITprohttp://t.co/f4FWaQ5O3h#itprojp,1
wいつ,1
ドラクエ,1
RakutenTechnologyConference,1
Heat,1
お菓子,1
独走,1
ミネラルウォーター,1
TexLive,1
エントリー,1
攻殻機動隊,1
スピーカー調子,1
朦朧,1
android-sdk,1
体調管理,1
COOL,1
流行中!被害報告まとめ-Togetterhttp://t.co/k1eKNu2J,1
JamesIha-LookToTheSky,1
bot,1
磨き,1
組み換え:ら,1
Windows7,1
ジジイ,1
両者,1
用,1
返答,1
イメージ,1
RIM,1
゚ё゚;;),1
プレイ時間,1
冷凍庫,1
きんせい,1
橋本商会»プログラム,1
ベクトル場みたい,1
HHKBPro,1
Qhttp://t.co/gjcavzvNmd,1
徹夜明け,1
Rubyhttps://t.co/jObCu5ti7Z,1
林檎,1
他社アプリ,1
joinコマンド,1
nonotifications,1
情報源,1
料金確認ページ,1
封印,1
強制的,1
文書整形,1
データ収集,1
IE3.0,1
衝突回避死亡事故半減,1
小指負傷系男子,1
活気,1
現象発見:日本経済新聞http://t.co/jIIbF1M,1
犯罪者予備軍みたい,1
会議http://t.co/jmocCEaz,1
ifmaybe,1
店舗,1
ヤムー,1
受講者,1
ロケットニュース24http://t.co/XtssdHC4CO,1
BenShneiderman.,1
NBAfinal,1
自販機釣り切れ,1
ASIMO,1
使用ライセンス,1
デスクトップPC用OS,1
GoogleMaps,1
ChangeLog,1
フランシスコ・ザビエル,1
有,1
gowentgone,1
unlock,1
統計,1
立派,1
遥か,1
インデックス,1
お世話,1
ダブルクリック,1
記録101メートル46センチ-EngadgetJapanesehttp://t.co/t30wguRa,1
本たちhttp://bit.ly/icOMzz,1
Cool.http://t.co/Zp4gT3GL,1
煽り,1
飯テロ,1
論文添削,1
人数,1
金銭的,1
高校生wテレ東糞ワロタwww,1
Debian使い,1
キャビア1TB,1
環境整備,1
登場|gihyo.jp...技術評論社http://t.co/NrOJZTt3,1
システム開発(1/2ページ)-SankeiBiz(サンケイビズ)http://t.co/FrP8uF5L,1
ISO,1
楽天,1
日本酒うめぇー,1
たけーん,1
インタフェースデザイン,1
Dislablejavahttp://t.co/dOCPm9gzmy,1
IntelSandyBridge-EPXeonProcessorUnveiledandTested,Features8Coresand16Threadshttp://t.co/9qU3VMY,1
ゾンビラッシュ,1
Ultrabook,1
zsh|コラム|エンタープライズ|マイナビニュースhttp://t.co/2OfAUHP4,1
メモリ使用量,1
通話料,1
英検三級(中学校卒業程度),1
ーぱみゅぱみゅよりもバックダンサー,1
多事寸評http://bit.ly/hmK53X,1
zsh,1
苦労,1
シリコンハウス,1
historyコマンド,1
ニュース-日本通信,1
DS,1
増井俊之,1
xperiaarchttp://t.co/sYTcPmkW,1
ゲームキューブ,1
ぁどうとでもなるか,1
試合,1
マック閉店,1
バスケットボール,1
ポアンカレ予想,1
液体,1
M/B,1
MacbookPro展示機,1
初日,1
原因,1
rating,1
弾力性,1
ーーーーー,1
本店,1
スケジューリングアルゴリズム,1
フローチャート,1
モンスターじいさん,1
関連性,1
常備,1
楽市,1
プログラマブル,1
ソフト技術,1
復旧楽,1
めちゃくちゃ人気,1
CORSAIR,1
?」みたい,1
インテル7シリーズ,1
複雑,1
中国人,1
PC購入フラグ,1
ZTEOpen,1
分別,1
コンセント,1
付加機能,1
Playマーケット,1
労使協定合意,1
Thisisnotsciencefiction.,1
dメニュー/dマーケットhttp://t.co/4ygWJJHn,1
合図,1
複数局,1
消しゴム,1
例外,1
ハーゲンダッツバニラ,1
Emacs小指,1
Reading:政府,1
GooglePlayMusic,1
anthy,1
お知らせ|NTTドコモhttp://t.co/yAG3G6AX,1
HDD事業,1
コンプガチャ,1
ノキア端末,1
slackware,1
和民はしご,1
怪文書,1
シャツ|スラッシュドット,1
なす,1
照明,1
ぽか,1
セコい,1
配合!http://t.co/95poiiP0,1
ピタゴラスイッチ-キッズワールドNHKEテレ-こどもポータルhttp://t.co/LFroONd4,1
合同コンパ,1
w確率高,1
無責任,1
portupgrade,1
流用,1
正規表現&amp;#8211;RFC3986定義,1
殺人的バランス,1
GIGAZINEhttp://t.co/hEODM7vZ,1
録画消化,1
レイアレン,1
IT用語しりとり,1
ギーク,1
ウェストブルック,1
ジャパンhttp://t.co/GE0y9Ix,1
体験会,1
まつもとゆきひろ,1
中国企業提訴:日本経済新聞http://t.co/29qvikVV,1
ゼミ長,1
SIMフリー,1
VisualizingData4章,1
補正比較ムービー-YouTubehttp://t.co/4EVHGV0r,1
独自サービス,1
競争力,1
語呂,1
出会い,1
FromAtoMemohttp://t.co/ywfkMz2e,1
日本語版Siri,1
困難,1
Ruby開発者,1
ワンダーランド3D公式サイト|ドラクエモンスターズ最新作!人気,1
テストコード,1
あと何年コービー,1
Ruby標準添付ライブラリcsv,1
容量バッテリ装着時,1
違法,1
LALキタ,1
めふじん,1
布教活動ご苦労様,1
Kinect巨乳WORLDCUP2012http://t.co/TJXcjqwJ,1
ザマ,1
クライアント実装,1
バスひと,1
対応http://engt.co/feasra,1
駄目,1
パスタ,1
ーすぎワロタ,1
Sponsored,1
tweetfromfirefoxossimulator.,1
気配,1
HEPFIVE,1
赤ペン先生,1
ジャパンidlehttp://t.co/UaIH0QR9,1
日本経済新聞http://t.co/7ZzABNj4,1
ばあちゃんキター,1
満員電車,1
厚着,1
docomo次第,1
最低利用期間,1
始祖)DennisRitchie,1
Git本,1
RAID0-Lifelikeaclownhttp://t.co/uv4Qc9Rgwv,1
ソーシャルメディア,1
散策,1
サスペンド復帰,1
荷造り,1
ソースコード修正,1
年齢詐称,1
gitサーバ,1
AQUOS,1
もと,1
C++ポインタブートキャンプhttp://t.co/liWkyqOh,1
deadlock,1
メンテナー,1
USB,1
DVD-Rどこ,1
性格,1
convert_hogehoge,1
個人情報爆弾テロ,1
キャリア論[2]│CAREERHACKhttp://t.co/yenZGoVE,1
見どころ,1
マイクロソフトHolodesk--EngadgetJapanesehttp://t.co/DBpsV24K,1
KnowledgeCapital,1
章ごと,1
記述,1
LeapMotion,1
ピスタチオ糞,1
GUI起動,1
WiiU本体,1
The10WorstTechProductsof2010:http://bit.ly/hf3AXa,1
ジノビリ,1
使い方:rubysearchTweet.rb[query]&gt;hogehoge.htmlみたい,1
Miami首位,1
fb2k,1
筆記具,1
インターホン,1
対応http://t.co/s3bSTKS1,1
HDDぶん,1
HDMI,1
LinuxFoundationReleasesDocumentOnUEFISecureBoot-Slashdothttp://t.co/wfkSTvxq,1
阪急クーラー,1
ナンバリング,1
差分,1
JIS,1
安藤忠雄,1
ARROWSX,1
LEDディスプレイ,1
山間部,1
web申請,1
M-k,1
バックアップ作業,1
ブックマーク,1
ブドウ,1
UNIX,C言語,1
公開処刑執行日,1
スマート機能搭載-MSN産経ニュースhttp://t.co/1EFM3CmK,1
インターネット安定化,1
苦手意識,1
遅刻,1
VirtualBox起動,1
gt;&gt;,1
アニメ作品,1
NFS,1
vals,1
cpuクーラー,1
レブロン,1
processing大会,1
Mac使い方,1
まわり,1
タイガーアパカッ,1
FMV,1
IModestProposalForStoppingHackers:GetThemGirlfriends-Slashdothttp://t.co/CDE9yag0,1
ボナー,1
話http://t.co/2auG0YpWSq,1
軽装,1
ハガレン24巻,1
浮浪チャート,1
短縮URL,1
育成,1
中心,1
CDプレイヤー,1
放送設備,1
Debian最高,1
ニュース-NBA日本語公式サイトhttp://t.co/0kXkfGmf,1
オシャレフレーズ集-Qiita[キータ]http://t.co/HDwcvlNHYB,1
対策協議:日本経済新聞http://t.co/luaLaMYa,1
電気街,1
バイオハザードIII,1
マジ勘弁NBA,1
フィードたまりすぎもうやだ,1
こー,1
ハイボール,1
高卒,1
Solaris,1
最新技術,1
firefox4,1
テキストベース,1
実在,1
LAL,1
筆,1
不在連絡票,1
エンジニアミーティング?HappyHacking!?in,1
API一覧,1
洗濯物終了,1
home以下,1
IDEみたい,1
光度高すぎ,1
ネット巡回,1
ウー氏インタビュー|WorldVoiceプレミアム|ダイヤモンド,1
手書き説明書http://t.co/WD9SVUm7,1
書き方,1
ヒート対セルティ,1
帰国,1
修論,1
try{}catch(){}みたい,1
輩,1
ダル,1
傘無意味,1
ギズモード・ジャパンhttp://t.co/F9zV2Gk0,1
行為fromWirelessWireNews«WIRED.jp世界最強,1
強制終了,1
print,1
富士山麓,1
介入,1
デザインセンス,1
てんとうむし,1
ES,1
LAN内,1
年越しコーラ,1
夜ふかし,1
遺言状,1
griffinうめぇwww,1
手作業,1
イバカ,1
喧嘩,1
目w,1
Web制作,1
We'reliveatIntelDeveloperForum2011!http://t.co/jO3pghq,1
BioShockポチ,1
ぇ時間,1
XP,1
通販,1
大量,1
テーブル,1
ヨドバシさん,1
正規表現便利,1
猫,1
サバイバルマニュアル,1
Walmart,1
k?,1
売却3000億円強,1
Whydoyouirritateme?,1
Bulls対Lakers,1
関東FirefoxOS勉強会3rdごった煮onZusaarhttp://t.co/LTyhg7kOXI,1
ガスボンベ,1
ソフトウェア開発,1
cygwin,1
充電器どこ?,1
課題糞ワロタwww,1
お世話係,1
うめぇー,1
誕生パーティ,1
秋学期終了,1
ドコモダケ,1
ドコモ涙目,1
searchanodepairhasshortestdistance.,1
コロンビア,1
有力ツール,1
ゴミインタフェース,1
変換イカ,1
ハラ,1
滅茶苦茶,1
アカン,1
枝野,1
黒歴史動画,1
ブートローダ,1
米国,1
高橋メソッド,1
雲,1
SonyPlayStationVitadebutsinJapanonDecember17th,partneringwithNTTDoCoMofor3Ghttp://t.co/bjbufFy,1
有機ELテレビ撤退:マネー,1
交互,1
バックアップスクリプト,1
ハロウィン,1
ライブ,1
解説!企業,1
PC買い,1
ライフ,1
服,1
GoogleNexus4,1
間接的,1
ライト,1
電子回路,1
海遊館,1
首藤一幸,SoftwareDesign2013年4月号http://t.co/jJjH6TGQqs,1
CoverflowAlt-Tab-GNOMEShellExtensionshttps://t.co/TJC5L7B3,1
hexagon(),1
妄想処理学会,1
コマ割り,1
ヤバイもん,1
本読み,1
早わかりGoFデザインパターン---目次:ITprohttp://t.co/KPYkGAZ1,1
ドラマ-UEI/ARCshi3z,1
photoshopバンドル,1
O'ReillyJapan-デザイニング・インターフェースhttp://t.co/IaWDfhGp,1
眼-書店,1
接点方式キーボード,1
豆類,1
Clarkdale,1
アプリ○個,1
中学,1
>「Unix,1
割合,1
教科書,1
ゴミみたい,1
セリフ,1
Linux標準教科書無料ダウンロードLPI-JapanLPICレベル1対応|Linux技術者認定機関LPI-Japan[エルピーアイジャパン]#lpic#LPIJapanhttp://t.co/uG4P77y9,1
基礎-ドットインストール#dotinstallhttp://t.co/71nXCeXN,1
NBA仕込み,1
理由:http://t.co/gHWVsbUl,1
ピアソン本,1
要請:日本経済新聞http://t.co/SLybW92f,1
門,1
シュウシュウタクタク,1
お金,1
フライビンズうめー,1
southpark,1
依頼,1
otknoy/nba_player_sparqlhttps://t.co/0Q3oJ0cXdL,1
通話,1
リンク:春,1
次どれ,1
アイドル時,1
廊下,1
公開抗議,1
(*,1
ランキングchaos,1
挙動不審,1
LAL崖っぷちwhttp://t.co/Ut93AoaRO8-2012-2013ConferenceRegularSeasonStandingshttp://t.co/XiKbQXPS4r,1
大西宏)-BLOGOS(ブロゴス)http://t.co/iTZ6Ao7rdQ,1
リコール,1
景観デザイン,1
ガラパゴス化,1
人工知能人工知能,1
携帯アドレス,1
複合機,1
フレーム問題,1
耐震補強,1
Fラン大学生,1
gt;&gt;マジック20年,1
ろう,1
邪魔,1
DSlite,1
GREE,1
gamblechemistry,1
xcodebuild,1
bib,1
コンピュータ|スラッシュドット,1
忘れ物,1
むかむか,1
バビディ,1
署名活動,1
プレゼンテーション時,1
Rhythmbox,1
無茶言,1
自信-ニュース:ITprohttp://t.co/xyjyhzYW,1
パームレスト,1
Under一本,1
AR対応モデル-EngadgetJapanesehttp://t.co/ukjuYcYk,1
ValvesaysNVIDIA'sthebest,SteamandLeft4DeadforLinuxcomingalongnicely--Engadgethttp://t.co/P5Eep10f,1
天津麻婆丼,1
気象庁|気象観測データ,1
人たち,1
西北,1
mrsm,1
ポケモントレーナー多すぎ,1
キモさレベル,1
楽天:日本経済新聞http://t.co/GUrysWnL,1
相性,1
フレーム透過,1
パルカワ2"http://t.co/Fi5zgFRuQc,1
公共放送,1
武蔵中原,1
修論.,1
折りたたみ,1
Androidアプリ開発-夏休みスペシャル2011:ITprohttp://t.co/0hy7Bwd,1
デスマーチ,1
ボストン,1
肉付け,1
ヤバさ,1
GPA4.0,1
ぁぁぁぁぁl,1
オリジナル,1
コンピュータ,1
Github,1
gnufreecall,1
スペースキー,1
訓練データ,1
むあろっく!malloc,1
Ican'tstopthinkingabout...,1
アルコール,1
正解,1
onTwitpichttp://t.co/ZXdz9uJZ,1
ログファイル自分,1
アディダス事件,1
女子高生,1
歓喜,1
Windwos,1
testtweetfromminibuffer.,1
ーわり!,1
こいつなに,1
OTF-TeXWikihttp://t.co/18xm603e,1
出演決定!番組,1
世界http://t.co/b3BUe9en,1
恥,1
Accept,1
雲雀丘花屋敷,1
ディスク構成,1
糞ババア,1
outofstock,1
考え,1
XperiaTablet,1
余り,1
友達申請,1
Bulls負け,1
Windows8canrunonanAtomCPU,1GBofRAMhttp://t.co/3i3uyc5,1
シーズン開幕,1
時簡,1
比較対象,1
インテルSandyBridge,1
スエゾー,1
山道崖崩れ?,1
技術力,1
ビッグデータ統計処理,1
ボタンみたい,1
歩行,1
中国,1
辺,1
apt-getinstallhogehoge,1
基数変換,1
wこれ,1
買い物大学4年生,1
ATAN2関数,1
カーネルメンテナー,1
受付,1
ガソル弟ファール4,1
オブジェクト,1
ばばばば,1
エディション,1
我慢,1
リュックw,1
マッチョ,1
情報科学系女子力,1
プライスレス,1
ガソル二人,1
PSVita普通,1
gcc,1
シミュレーションみたい,1
appleロゴ,1
KFC,1
開幕,1
解体,1
BDレコーダー,1
会話中,1
wソフト,1
プレゼン用,1
排除,1
アトラクタ,1
iPad,iPad2,,1
ユーロ,1
キャリア名,1
roster豪華,1
ルノアール,1
ブログhttp://t.co/IlgfQwOv,1
死亡フラグ,1
搭載可能,1
スリーブケース,1
ノーベル賞,1
プレッシャー,1
スパーズ,1
コークハイ,1
ユーザ,1
一つ,1
ガラパゴス携帯,1
アノテーション,1
FunnyKinectIpodAdverthttp://bit.ly/gVkeIV,1
ビデオカメラ,1
入試ポスター,1
エコ出願,1
トイレットペーパー,1
PC版,1
ストラップ,1
梅田ヨドバシ,1
記録達成,1
苦痛(SankeiBiz)-Y!ニュースhttp://t.co/u04c7GFkG2,1
想像通り,1
山中教授ら受賞:日本経済新聞http://t.co/mfFWt4eI,1
マックきれい,1
GNUScreen,1
奨学金願書,1
ディスクイメージ,1
問題点,1
開発700社,1
Git入門,1
髪の毛,1
雰囲気,1
pdeファイル,1
街鯖江市,1
無地,1
アイドル水着画像,1
ulli'),1
木,1
倉石,1
GBA,1
日本経済新聞http://t.co/FiVIUwqB,1
DailyDime-ESPNhttp://t.co/KuSCWpMMrV,1
心,1
頓挫,1
テキストエディタ,1
dissccussion",1
猪木本当,1
ニコ生視聴中:,1
不満,1
SIMカードサービス,1
PSVita,1
仕事熱心,1
Googleアラート便利,1
ナレーション,1
革靴,1
焼き肉,1
断創録http://t.co/AZbklxKn55,1
IS12T,1
アップデート情報,1
開発機,1
ファイルサイズ,1
開封,1
thunderbird,1
無線LANルーター&子機,1
sonystore,1
論文どれ,1
クリアー,1
mozconwheezy-ブログ,1
bestpractice集,1
ドイツ人終了,1
妙,1
局所最適解,1
身体-naoya,1
WIREDCAFE,1
ガソル兄弟,1
公共,1
迷惑メール,1
本人,1
Nexus73G対応モデル,1
ゼミ蓄,1
網棚,1
リンク先,1
SONY,1
バイク集団,1
辛口Java,1
取扱い,1
フリースロー下手すぎw,1
ビッグデータ|百家争鳴!ビッグデータ,1
コピペだらけ,1
視点-増井俊之,1
RSense,1
砂糖くだ,1
くせぇ,1
ヌルポ,1
Ohno...Rose'sseasonover,Bulls'tofollow|http://t.co/9Ps7f3BKhttp://t.co/C0tJattg,1
AmazonStudent,1
試し中,1
五十嵐さん,1
リークhttp://t.co/eTkjTOB,1
わさび臭インタフェース,1
displayportかわいそう,1
デジパック,1
マザーボード,1
DebianInstaller7.0Alpha1,1
鍵,1
ぇいい臭い,1
成績発表,1
マイケルジョーダン,1
IDEA*IDEAhttp://t.co/0sqM1iFZ,1
マジすか,1
コード選手権まとめhttp://t.co/qUlhm9KHEv,1
重複個所,1
テレ東,1
一行コマンド集,1
MNP導入,1
約束,1
クマゼミ,1
Titaniummobile,1
メジャー,1
錬金術,1
基本情報技術者試験ガイダンス--試験概要,1
ネタプログラム,1
プライバシーポリシー,1
NTT西日本,1
kernel,1
プログラムAmazonStudenthttp://t.co/0ZSqvuyT,1
スマートフォン,1
マゾ,1
紫,1
C-xC-s切り取り上書き保存たち,1
FreeBSD,1
センス,1
カードサイズLinuxPC"RaspberryPi"発売,1
HelloeTheWorld.;-(,1
行,1
からたち,1
月バス,1
パーカー,1
スライド余裕,1
ドキドキ,1
ダイアリーhttp://t.co/w2gmktO11R,1
Timeismoney.,1
オープンデータ,1
全角英数字,1
ちく,1
ぱねっとたかたー,1
梅昆布茶うめぇ,1
ストレッチ,1
自動ハンドル,1
YouTube,1
らせんそう,1
段差,1
年表,1
駅,1
にわとり,1
Thinkpad,1
消去~,1
FG%81%,1
公式戦中止米専門局,1
r(ry,1
馬鹿さ,1
デフォ,1
フリースロー3/14,1
自作strcmp,1
一朝一夕,1
意図,1
動画:拡張現実,1
Processingあたり,1
C言語?,1
氷,1
LinkedList,1
無力,1
ホン,1
バグ,1
答えhttp://t.co/iBeSkp02,1
アップ!,1
論文印刷,1
挙動,1
カレー立食パーティー,1
中止,1
C-tC-bd,1
博多方面,1
LinuxKernel,1
Computationalphysics,1
スイカ,1
機能満載,1
文書要約プログラム,1
変換ばか,1
ほん,1
バッテリー30%,1
AP)-エキサイトニュースhttp://t.co/x2ciDX0P,1
どうこう,1
初音ミク映像専攻|DigitalHollywood×初音ミクhttp://t.co/a4EzwAI9,1
wVengeance®K60PerformanceFPSMechanicalGamingKeyboardhttp://t.co/H6SV1oSt,1
fooBarみたい,1
Spacebar,1
とつ,1
設計ミス,1
変身,1
質問,1
宿,1
webスクレイピング,1
使い分け,1
拡張満腹感,1
賑やか,1
とり,1
とも,1
Steamforlinuxlimitedbeta,1
三脚,1
Debian7.0('Wheezy')ReleasePlannedFor1stWeekendinMay-Slashdothttp://t.co/zc7Lv82HVh,1
画面表示,1
電子部品,1
ドリランド,1
ひろ氏,1
動画:メガネ,1
一体,1
特徴分析-oscillograph,1
asciiplus#wam46153http://t.co/Og9EEr1,1
一言,1
KDDI,1
C-z,1
C-p,1
データ用意,1
転職日記http://t.co/LdUzcXcvuo,1
tweet,1
昇竜拳,1
欲,1
ノキア,1
PythonHackathon-&gt;Pythonthon,1
G+,1
ぐざふぉん,1
速報:Google,1
田臥車,1
XperiaZRLTE-C5503(SIMフリー,White)価格&amp;特徴-EXPANSYS日本http://t.co/Y5XvG5qkWW,1
右Alt,1
Steam,1
素通り,1
EngadgetJapanesehttp://t.co/FbvgDgzw,1
仮想マシン全部,1
GNOMEShellExtensionshttps://t.co/PvUq8YY5,1
チェイサー,1
R言語,1
バッテリーホットスワップ・・・,1
コーディング,1
点検?,1
総額1.5兆円:日本経済新聞http://t.co/5NOUnboQ,1
読者,1
SOLO,1
提出?なにこれ,1
カドヤ食堂,1
適用,1
教訓,1
ZR,1
ダイエット,1
うどん,1
forum,1
クローゼット,1
TitaniumMobile,1
再現:最強,1
スーパーサイヤ人,1
線,1
往復,1
ロケット,1
足,1
ブレース展開,1
緑色,1
サッカー,1
Emacs!,1
終了画面,1
join,1
テキストファイル,1
EngadgetJapanesehttp://t.co/uPTcVeIdwN,1
mv,1
摂取量,1
糞ワロタwバックアップ,1
ジャパンIThttp://t.co/KDxPIjrEsP,1
Qhttp://t.co/iaUjYHi0,1
階段,1
MacProモドキ,1
台湾,1
淀川人,1
半端,1
プロセス,1
III,1
車,1
思考回路,1
達人プログラマ,1
n.times.map{...},1
赤信号,1
焼き肉店,1
ゴム,1
かなざわー,1
HHKBlite2,1
OnOffandBeyond:Linsanity,1
アンドロイド,1
つけ麺げろげろー,1
vita,1
gt;&gt;Validator.nu(X)HTML5Validatorhttp://t.co/RhaQKdL0Wh,1
amasshttp://t.co/vEXk8Cpi,1
あれこれ(質疑応答編)–すまほん!!http://t.co/GPibV2Nq,1
一行,1
桜,1
arduinoポチッ,1
入門,1
Emacs専用ディスプレイ,1
数値",1
マイアミ,1
MacBook衝動買い,1
トリアージ,1
たこ焼き屋,1
PlayYou.|ポータブルオーディオプレーヤーWALKMAN,1
Wi-Fiサービス,1
ノマドコース,1
口癖,1
ウザ,1
閉店,1
OverClock,1
開放,1
メモリ8GB,1
Vim,1
オンラインストア,1
青年,1
序章,1
ょぼくてもそれっぽく,1
高校バスケ,1
参考文献,1
ひとり,1
先端,1
ワンセグ,1
mixiEngineers'Blog»,1
ホワイティw,1
情報流出http://engt.co/fRIf0D,1
フリースロー2本,1
TimeMachine用,1
成績アップ米,1
ポテトチップス数枚,1
ITmediaNews:,1
Unix,1
直販,1
Galaxy,1
ポスト,1
倍,1
話殆ど,1
工夫,1
クックCEO,1
子芝居w,1
java.util.Scanner,1
インサイド,1
こんとき何歳,1
試験終了,1
漢(オトコ),1
Android4.0,1
温度差,1
定数時間,1
実感,1
ITprohttp://t.co/1IZm9nei,1
ハウル,1
コロンブス指数,1
Flash,1
交渉入りhttp://t.co/14hSAblC,1
隙間,1
出荷,1
判,1
ocn,1
ジャンレノ仕事,1
サラ,1
サメ,1
ポメラ,1
自動生成,1
MacBookAir13inch,1
缶ビールhttp://t.co/bl6kcb7u,1
reinstall,1
つば,1
テレビCM,1
粒子,1
excel,1
格ゲー,1
メガネ型3Dディスプレイ+3Dカメラ,1
都心,1
プラズマクラスター技術,1
考,1
イプシロン,1
eBay,1
描画,1
難易度高そう,1
ビジュアライズ,1
Python勉強会,1
ラフ,1
game7,1
つり昼寝,1
同時起動--EngadgetJapanesehttp://t.co/D9aHZB2a,1
武井壮http://t.co/lCaIqewDJx,1
神戸市:「次世代スーパーコンピュータ京(けい)コンピュータ市民セミナー,1
大学教授:,1
dynabookR631」:,1
拝見,1
スクエニ,1
搾取,1
エネルギー,1
匿名性,1
ページ内検索,1
コンタクト買い,1
GoogleI/O,1
ellipse(),1
音声付きSIM,1
最速,1
サーバプログラム,1
Musicmakesme*.,1
リモートログイン,1
韓国勢,1
全角英数https://t.co/20LKtZlp,1
日記http://t.co/RjFFYZyG,1
メンバー把握,1
オランジーナうめ,1
フォーマット,1
thunderbird3.0,1
山口みやげ,1
SonydropsPS3priceto$250inUS,€250inEuropehttp://t.co/f15PHLp,1
興奮,1
Mavs優勝,1
Plug-in,1
ボジョレー・ヌーボー,1
AstableversionofUbuntu'smobileOSisavailablenow...ifyouownaNexus4"http://t.co/k1KQmDHfdH,1
VirtualBox久しぶり,1
ハンターハンター,1
MIME,1
中毒,1
ろ富山,1
おとな,1
ざい,1
オレンジレンジ,1
CTRL+F?なにそれ?」,1
magicnumber,1
達成感,1
AndroidSDK,1
";,1
塩,1
付加価値,1
達成,1
コンビニプリント便利やけど紙,1
ぃー,1
車両,1
ざま,1
東大助手金子勇氏,1
仮組,1
罠-,1
BitTorrent,1
スマートグリッド,1
GoogleChrome,1
emacs起動,1
米グーグル,1
有機ELテレビ発売延期:日本経済新聞http://t.co/8SZxYRDP,1
スパイラル,1
リアルslコマンド,1
花見,1
構成どうし,1
エイプリルフールRFC,1
garbageingarbageout.,1
獺祭,1
CPU無茶,1
災害,1
オープン|スラッシュドット,1
NBAallstar2010,1
GUI部品,1
openGL,1
便利さ,1
カルピスソーダうめぇ,1
高田馬場,1
ジャパンIThttp://t.co/u4njxxx3,1
清潔さ,1
理由:http://bit.ly/g4aYea,1
ヘッドライト,1
thebandapart,1
スケッチ,1
ノイマンどこ,1
xorg.conf,1
abee,1
ジャパンidlehttp://t.co/TESNKGjq,1
原稿,1
生産能力10倍,1
UEFI,1
スマホ版,1
リコーダー,1
Lisp本,1
英文添削,1
遊び放題,1
ネットラジオ局,1
糞フォン,1
jsarticle,1
Introduction,1
名,1
デュアルブート,1
クリッパーズ,1
どの人,1
おまわりさん!「ソースコード,1
尾崎豊,1
ヘビーローテーション,1
LenovopostsThinkPadX220specsonline,includesIPSdisplay,SSD,and23-hourbatteryoptionshttp://engt.co/eU7dGA,1
写経http://t.co/wa0asCR1,1
Debian7.0,1
家出,1
cool,1
気まぐれ,1
表示!結果,1
RFID,1
PSPgo,1
memo:addtoMakefile"-lz",1
port,1
短パンサンダル,1
肩書き,1
サマソニ,1
インターン,1
コマンドラインツール,1
寿司屋,1
ワロタLinux,1
家具,1
Rubyプログラミング,1
提供,1
MacBookAir静か,1
Google年間検索ランキング2011http://t.co/yR2ALLm1,1
器物損壊,1
alcohol+=1,1
市立中学,1
リンク,1
>「当店フルカスタマイズ担当部署,1
リンゴ,1
物理",1
短縮URI,1
真っ赤,1
リリース|スラッシュドット,1
出荷停止,1
アニメーション,1
復讐,1
セッタ,1
チェリオ,1
秋,1
撤廃-EngadgetJapanesehttp://t.co/4JoLTZFh,1
川崎,1
docomowifi,1
sRecovery«http://t.co/9Ps7f3BK|HangTimeBloghttp://t.co/edDSzRA2,1
消費電力,1
iPad,...,1
情報誘導,1
ショーン,1
ソフトバンク,1
急上昇,1
しいたけドリトス,1
退屈",1
秋冬モデル発表会(1/2)-ITmediaPCUSERhttp://t.co/1jp7dCrN,1
ジャーナリズムhttp://t.co/fhhY4jvM,1
グループ,1
ペンケース,1
実演,1
アンドロイド研究,1
LinusTorvaldssharesMillenniumTechnologyPrizewithpioneeringstemcellscientist--Engadgethttp://t.co/mvWohrYI,1
OklahomaCity,1
都内,1
F*ck!,1
運転手,1
エスパー伊藤,1
LALだめ,1
紙芝居like,1
静電容量,1
gt;,1
カニカマ,1
gt;&gt;Rubygeocoder,1
ぶっこ,1
otb遅刻,1
アルファ,1
許可,1
コーラ,1
ぶんあんどあい,1
配置,1
gehenginggegangen!,1
EmacsOS,1
swing,1
会場,1
suspend,1
画期的発明(自前シャッター式)http://engt.co/eqDoZ6,1
ぱん,1
シンプル,1
代替,1
ザッピング,1
リツイート,1
GNU/Linux,1
Mac充電,1
ヒートテック,1
世間,1
テキトー,1
基地局パンクフラグ,1
k-means実装,1
鼻炎,1
健全,1
du-hd1.」,1
バグレポート,1
冷車,1
さまざま,1
DropBox,1
Hotot,1
FastFourierTransform,1
秋元康氏,1
メンバー表,1
フリーキャスター,1
録画25番組,1
Processing2.0a8,1
北海道組,1
hack,1
コインロッカー,1
パッケージ,1
Java7Update7http://t.co/ACi4TczY,1
名前何,1
random再生,1
厳選プラグイン|FindJob!Startup"http://t.co/MTZRbSl85j,1
学生たち,1
w2012年12月28日Linus怒髪天!,1
思い切り,1
アンサイクロペディア,1
プログラミング",1
退屈,1
ブランド名称変更|スラッシュドット,1
無料セール中,1
就活有利面接官,1
Type-S,1
ウェアラブルコンピュータ,1
神格化,1
まちゅダイアリー(2013-01-12)http://t.co/aTRZJbOz,1
プルリクエスト,1
DS1万値下げ,1
放題,1
アディダス,1
ブログhttp://t.co/MKDciWo,1
ツライ,1
GnuScreen,1
東京工業大学大学院理工学研究科基礎物理学専攻基礎物理学コロキウムhttp://bit.ly/mEgqOj,1
アライアンス,1
ファン,1
ヴァージョン,1
優先事項,1
フラッグシップ-EngadgetJapanesehttp://t.co/5ZhJdLlL,1
技術書,1
武蔵小杉,1
ゲルダブル,1
musicplayer,1
マザボ,1
工事,1
坂本社長,1
マザー,1
重大,1
番組表,1
届け予定日26日,1
キーワードhttp://t.co/2JaaBGMM,1
メロディー,1
ジャックダニエルうめぇ,1
中指,1
class宣言,1
ゴール,1
総合情報学部講演会(1月16日)「モバイルメディア,1
事業再編,1
Python:','.join(['a','b','c']),Ruby:['a','b','c'].join(','),1
スカウト,1
サーバー男子,1
ジャックダニエルうめー,1
Androidスマートフォン,1
覘,1
emacs拡張だれ,1
カフェイン含有飲料,1
三重ループ,1
XperiaPlay,1
Yシャツくしゃくしゃになるんじゃね?,1
ぃぃぃーーー,1
予告,1
skype起動,1
VitaTV,1
開幕レモン,1
gt;&gt;"コンピューターおじいちゃん",1
耳鼻科,1
東京五輪,1
ロジック,1
人募集中,1
バス人,1
samba,1
傑作,1
ミーティング,1
DVD,1
libreoffice,1
油断,1
include&lt;stdio.h&gt;//おまじない,1
PC遠隔操作事件押収PC,1
JVM,1
同い年,1
ユニクロ,1
ペアプログラミング合コン,1
KinectforWindows,1
概要集,1
無理ゲー,1
ごろごろ,1
リア,1
iPhone10,1
インタラクション,1
雨ヤバ,1
同時進行,1
KOBE,1
精神不安定,1
ウェブページ,1
奥,1
ユーザー,1
スポーツバー跡地,1
未読バッヂ,1
HTT,1
物色中,1
CPUクーラー,1
躁,1
庭,1
圏外or明らか,1
キーボード二つ,1
Beatles,1
ボス,1
コマンド-SourceForge.JPMagazine:オープンソース,1
発表導入,1
Linuxカーネル3.0リリースhttp://t.co/Wd7ORbz,1
Don'trepeatyourselfまじ,1
ワクテカ次期メジャーリリース,1
LaVieZ,1
進捗報告,1
日本経済新聞http://t.co/ML7Ypyy,1
LED,1
センサーTWINE予約受付中http://t.co/RwL6uhfQ,1
パスワード,1
air起動,1
ー\(^^)/,1
病再発キター,1
GoogleJapanBlog:Google,1
箸,1
入れ子,1
現実逃避,1
pillows,1
最高,1
棚,1
発電機用モーター参入スピーカー技術応用:日本経済新聞http://t.co/68QYW3UD,1
代替サービス,1
スパーズ対レイカーズ,1
ぁぁぁぁぁっぁあぁぁぁぁぁぁぁぁぁぁぁぁあああああ!http://t.co/bympkh21,1
alt,1
コーヒーうめぇコーヒー,1
フラクタル,1
召喚,1
合コン,1
ChromeOS,1
関連,1
エンカウント率,1
得策,1
真,1
リーナスwwwhttp://t.co/7gbV7Yap,1
x%slim.,1
ぇw,1
フリーズ?,1
NPC,1
DeepLearning,1
年,1
高速フーリエ変換,1
静か,1
dired,1
テスト駆動開発,1
犬,1
カルビー,1
CM発表会,1
炭酸水,1
ezText,1
現実主義,1
カラパイアhttp://t.co/aRdg2sf,1
NBAStats:KobeDefyingAgehttp://t.co/qnzsA6bu8l,1
火,1
米,1
アルクアラウンド,1
tsuda,1
巻末おまけ,1
smap,1
perticle_shape:BuiltwithProcessinghttp://t.co/Llbdb2Mo,1
展示品,1
ウェールズ,1
プッチモニ,1
usr/share/doc/yatex/japanese/README.debian.ja,1
HELP!/(^o^)\\(^o^)/\(^o^)ー\(^o^)\,1
ダークマター,1
授業開始日,1
容量無限,1
つり配線工事,1
移行,1
東京フレンドパーク,1
Ruby初級入門http://t.co/vrbDqlZeM3,1
リネーム,1
O(n),1
ArduinoPlayground-Rubyhttp://t.co/9gQdpQH9,1
人たち-Togetterhttp://t.co/8GNwCFhh,1
droseグッズ,1
Linuxコマンド,1
核エネルギー,1
角うめぇ,1
ワロタwwww,1
フーリエ変換,1
docomo#android#xperiaarc,1
MBA充電,1
初心,1
たけー,1
安めぐみ,1
ラー油,1
大学近く,1
O'Reilly,1
Linus,1
提供拡大-MSN産経westhttp://t.co/so0ONdh4,1
USBケーブル,1
LINE,1
HTTPStatusCode,1
タイプ,1
マンデルブロ集合,1
専門家,1
タイヤ,1
インターン先,1
プレゼン資料,1
Pythonプラグイン|円,1
弱者,1
KNOWLEDGECAPITAL|ナレッジキャピタルhttp://t.co/llOAmPQZry,1
話題,1
売上,1
日本マクドナルド,1
Skype,1
兄貴,1
AllengineersloveFREE!",1
海外,1
シュート精度,1
おっちゃんタイミング,1
飲み物,1
野球興味,1
PS3新型,1
眠気MAX,1
feed,1
小物,1
獺祭うめー!,1
布教,1
ジェイソン・テリー,1
教授)「○○,1
ぎゃろぐhttp://t.co/TQIsomxiSr,1
BitTorrentLabshttp://t.co/odXHXoLVTm,1
話無料配信-9月30日,1
ノート型PC向け好調1~3月http://s.nikkei.com/hpikTS,1
予約後,1
カップル,1
除菌ジェル,1
renameコマンド便利,1
ストラテジー,1
ゲスト,1
解散,1
Suggestedpost,1
主力銘柄マイルドセブン,1
統計処理,1
シミュレート,1
フィルタ,1
口内炎,1
かも無し,1
新大阪-品川,1
webサーバ,1
ファジー,1
生活365yenhttp://t.co/a0prlWjj,1
セリフみたい,1
仕切り直し,1
手動,1
死,1
イラ,1
JT,1
発明,1
JR,1
Ruby+sinatra,1
入門-R言語,1
イハ,1
イヌ,1
無線LANルータ,1
ProcessingCheatsheetv002http://t.co/VUyd0OsmvN,1
AdobeRGB99%,1
cosmicsurfin'~absoluteegodance-ymo(07/07/12)-YouTubehttp://t.co/IBIT1tvFn1,1
イグ,1
誰かさん涙目,1
保証,1
POPサーバー,1
ヨドバシ.com-ソニーXBA-1SLhttp://t.co/OU9YfjmM,1
コミット,1
衝撃動画,1
価値,1
人差し指,1
補講入れ,1
arc,1
Bynum明らか,1
タバコくせぇ,1
スコア,1
キャッチボール,1
ハギワラシスコム,1
URL]」http://t.co/fFzZyxaT,1
地形みたい,1
読み方分,1
コピー用紙,1
胸,1
熟知,1
sweep,1
quad*2,1
基礎-基礎,1
黒0.5mm,1
休みless夏休み,1
CSV.tableメソッド,1
set-frame-parameternil'alpha85),1
予選大会-IVRC2012Websitehttp://t.co/N1gMSvKw,1
Googleさん,1
ぇなこれ,1
モツ鍋食い,1
スメルスケープ,1
アイロンがけ,1
分母,1
箱新型,1
Hacking:,1
プログラミングコミュニティ,1
GIGAZINEhttp://t.co/v5ljElGx,1
サンダーバード,1
魔女,1
究極,1
読み方,1
更新:無印MacBook,1
翻訳結果,1
躊躇,1
ローカル,1
windows7,1
シャイ,1
所持,1
ジャパンセキュリティhttp://t.co/8J5VCgt0,1
親指ハンター,1
締切,1
カートマン糞ワロタ,1
Rubygeocoder,1
BD-BOX特別版,1
linux版,1
くしゃみ,1
人必見!導入マニュアル+,1
Hadoop使い,1
ーーーーーぁぁあぁぁああああああっ!Skype,1
IceCreamSandwichforSonyEricsson2011XperiaTMportfoliohttp://t.co/aHlluNu6,1
付箋ペタペタ,1
宣言,1
撤廃,1
出荷済み,1
屋外,1
ARマーカー,1
kernel3.0.0,1
ボンネットシバ,1
GoOKC!!!,1
関テレ,1
Fisherトレード,1
くじ,1
リング,1
インテルPentiumプロセッサ20周年(コマーシャル動画集)-EngadgetJapanesehttp://t.co/dERCnGjvtv,1
コーヒー=,1
遺体目,1
Keynote,1
アプリ一覧,1
構成,1
Ctrlキー,1
主,1
ょがたくさんあっぷろー,1
Emacs+w3m,1
推測,1
実現,1
ファイルどっかい,1
棒,1
チッボタン,1
ディスプレイ2枚,1
カリフォルニア州,1
twiceupうめぇ,1
ラストライブ,1
ジャンル,1
報告,1
社会,1
活動,1
ITprohttp://t.co/eMQ9hadb,1
PDFファイル,1
Sun,1
Emacs",1
甲鱗,1
スポーツニュース,1
豪快,1
粉々,1
判明|juggly.cnhttp://t.co/TMd9nABj,1
日記http://t.co/qiUc4zE5HZ,1
日にち,1
奴,1
刻印,1
Lifeisbeautiful:日本,1
動画:モノ,1
文字コード判定,1
コツ,1
落とし穴?HDD内全滅,1
核物理学,1
果て,1
z=b**z;^p^,1
ヨドバシエアダスター,1
ぁぁ,1
ぎやろ,1
爽やか,1
後味,1
徒然苔,1
フルHD,1
覚醒,1
ビット列,1
小学生,1
民事再生法,1
カラオケ大会,1
FF3,1
メロンパンうめー,1
体温,1
ボタンカチカチ,1
ベータ,1
のんびり,1
キートップ,1
NBA.TV|Subscriptionhttps://t.co/oIW3hW6h,1
マドリード,1
基本情報技術者試験平成22年秋期:ITpro:http://bit.ly/gnr3a0,1
オリンパス昇竜拳,1
processing-java便利,1
危険性,1
ファイル操作,1
LAN,1
何様,1
FFT,1
LAC,1
冗長,1
算用PC,1
たよりみんなまとも,1
スパイス,1
本格的,1
ワースト,1
ジャパンIThttp://t.co/yyoBz525,1
参考書,1
IT系学部,1
あたりめ,1
自動ダブルクリック病,1
まどかマギカ,1
覇者,1
マクドナルド,1
!―VASILY金山裕樹,1
ジョン,1
音楽機能,1
ぁぁぁぁぁぁぁl!明日,1
日本経済新聞http://t.co/KJoQF4eA,1
差,1
apk,1
休部,1
SunMicrosystems,1
WQHD,1
年明け,1
firefoxOS,,1
NBA選手,1
クーゲルシュライバーどこ,1
Emacs以外,1
解像度,1
Corei3+メモリ4GB,1
文字コード変換,1
スペース確保,1
社員証,1
暇潰し,1
火災警報装置:日本経済新聞http://t.co/Pkz1YGPJ,1
laptop充電,1
音声入力実装,1
通信障害ドコモ,1
貯金,1
Gみたい,1
メーラー,1
トップ:日本経済新聞http://t.co/K9n300u9,1
スポポビッチ,1
期,1
面倒,1
AMDさん,1
(...),1
X11,1
アクセス,1
Comingsoon,1
コードネーム,1
ペース,1
ジャパンhttp://t.co/XrbO75r4,1
レディー・ガガ,1
゚∀゚),1
板,1
wawa,1
バスケットボール|プロリーグ|bjリーグ公式サイトhttp://t.co/pKY3pbkT,1
コナミコマンド,1
LINEアンインストール,1
BashOne-LinersExplained,PartI:Workingwithfiles-goodcoderscode,greatreusehttp://t.co/oZieJU49,1
アドバイス-発声練習http://t.co/dGrO73As,1
感想:CM,1
発話ロボット,1
例,1
アクセス自粛,1
asnas,1
共同育成NTTデータ,1
sprintf,1
COCOROBO,1
参加,1
本棚,1
Pro,1
テロ行為,1
jQuery,1
名古屋,1
y(ry,1
あと数時間,1
予約締切,1
衝突シミュレーション,1
lt;,1
アシストトップ,1
ATAN2(X,Y),1
ジャケット,1
世界選手権,1
バージョン管理,1
複数,1
サイコパス,1
女子力アップ,1
ぇおもろそう,1
合意,1
立命館大,1
IT業界人,1
デズニーランド地震,1
主人公的,1
おかげ,1
数学記号,1
脳味噌,1
コピー機周辺,1
vine,1
如何,1
ー大学内,1
コンパクト,1
報告書,1
親戚みたい,1
不十分,1
苦手,1
動画:35ドル,1
策謀,1
ハーバード白熱教室http://www.nhk.or.jp/harvard/,1
生,1
あと2sections,1
クーラー16°C,1
Icannotwait!Sarcastaball(Season16,Episode8)-FullEpisodePlayer-SouthParkStudioshttp://t.co/YMoRjzRK,1
デュードデュード,1
分数,1
変態すぎワロタNTTDoCoMo夏モデル,1
Pod,1
授業評価,1
研究結果http://s.nikkei.com/fdlfEa,1
BGM,1
生き物,1
いろいろ,1
ハードディスク,1
ピスタチオうめぇ,1
投稿,1
ノートPC向けリチウム電池:日本経済新聞http://t.co/y1u4lWD,1
GPA,1
Debian起動,1
G'zOne,1
graphviz,1
iPhoneシミュレータ,1
香水くせー,1
公称1kg,1
NIC,1
SilverStoneTechnologyCo.,Ltd.-TJ08-Ehttp://t.co/bbSbKO7e,1
審査:日本経済新聞http://t.co/Zu2pTdIJ,1
JavascriptScopeQuiz|コリスhttp://t.co/sjISjozV,1
大学職員,1
講義資料,1
Unity,1
暮らし,1
gmail,1
負,1
ソースコード,非常,1
梅田辺り,1
スノボ旅行,1
半田付け,1
サービス案内,1
録画用,1
負荷機能,1
o^)\>,1
apt-getinstallイカ,1
阪急京都線,1
コンピューターグラフィックス,1
日帰り温泉,1
スパゲティコード,1
CD-ROM,1
共同,1
BSジャパン,1
IE7,1
ハイビジョン特集,1
幸せ,1
集団,1
GoogleReader代替,1
EngadgetJapanesehttp://t.co/vD4scz3D,1
JasonKiddヘッドコーチ!,1
胸熱,1
ニュース-FirefoxOS搭載,1
女性ボーカル,1
住所,1
ASCII.jp:総額200万円!映像制作プロ,1
レアメタル,1
TECHTILE,1
作業"終了,1
停学処分,1
視覚化,1
uptime,1
国土交通省,1
注意,1
焼肉屋,1
担当教員,1
Resource,1
能勢電,1
糖,1
文脈,1
まじ勘弁,1
事,1
ワロタwhttp://japanese.engadget.com/2010/12/09/wwf-wwf/,1
NHKスペシャル,1
娘,1
同時アップデート-INTERNETWatchhttp://t.co/tIyLIakU,1
見直し,1
ジャパンサイエンスhttp://t.co/AVtqOiXh,1
現金買取,1
東横線,1
野菜,1
メイン器,1
Youcandrawcircuitboardsontopaperwiththispen(video)"http://t.co/MvJT19Clfb,1
特許庁,1
ぐぐったら,1
マジック:ザ・ギャザリング20周年記念スペシャルサイト,1
jobsキターhttp://bit.ly/eFdHfB,1
動画(プレゼント,1
新聞記事,1
run&amp;gun,1
悟空,1
init.el,1
側,1
パケホーダイ,1
chrome,dropbox,processing,1
仕様書,1
お知らせメール,1
ベビーカステラ,1
小惑星探査機,1
iPad,,1
屋内,1
openFrameworks,1
書類,1
人少なそう,1
片一方,1
入門機械学習,1
a&amp;&amp;b)&amp;&amp;(a&amp;&amp;c)みたい,1
モチベーション,1
富士通製,1
ぁぁぁぁぁぁぁー,1
教育,1
寮,1
景色,1
コメント欄,1
投票,1
mozc,1
卒論概要,1
ー棒,1
まちちゃん!(Hatena)http://t.co/ufT7hxzL,1
種,1
数学,1
人混み,1
座学,1
ロック解除画面,1
メンバ,1
美女Linuxhttp://slashdot.jp/linux/10/12/24/0818242.shtml,1
LED搭載デルデジタルハイエンドシリーズU2412M24インチワイドモニタ,1
Debian6.0.3,1
精神状態,1
クイックソート,1
スピーカーかた,1
名作タイトル配信http://t.co/fWBGuEnW,1
読みかたhttp://engt.co/hHQlMo,1
ストIII3rd,1
Knohhttp://t.co/D1UOMyFz6Q,1
boot,1
質疑,1
フィード,1
創案者,1
女子,1
DragonAsh馬場育三,1
GoogleChome,1
